Enschede	https://t.co/MBIeo3ZIUM #NuDraait Anno Britting - Ik zeg hallo #piratenhits #internetpiraten #NowPlaying
Enschede	@PGWelman hallo TechBaseTwente??? Op te goedkoop verpatst evenementen terrein Vliegveld Twenthe van van Eck!!!
Enschede, The Netherlands	@GTLisa70 Ik ook! Wel ff hallo zeggen als je mij ziet haha
Enschede, The Netherlands	@_dreumes ik wou stiekem naar Hengelo komen, om ff hallo te zeggen! Maar mn vrienden naaien, niemand had zin in Hengelo haha!
sonatestraat 78, Enschede	Nieuw leven wandelt mij tegemoet i.p.v. van mij af. Hond aan de lijn stond ze te kijken, hallo ree... https://t.co/eUhjiNN4yj
Enschede	https://t.co/MBIeo3ZIUM #NuDraait Feestpolitie - Zeg schat hallo #piratenhits #internetpiraten #NowPlaying
Enschede, Nederland	@kermisenschede hallo kermis enschede zou ik  op de kermis kunnen werkenin de herfst  in de herfst vakantie zou dat van 1uur tot half 9 savo
Enschede, Overijssel	@bdiepens hallo, zou je het complete verhaal inclusief je adres even willen DM'en? ^Jenneke
Enschede NL	Vanavond was @alludens weer druk aan de slag om een halloweenverhaal te maken dat te beleven is bij @arboretum op 29 oktober.
Enschede	@marnixdebil ja hallo nu heb ik honger!
Enschede, The Netherlands 	@13YvP @Marcpaulrosier even snel hallo en zoenen! ; )
Enschede	@Belastingdienst hallo, kunnen jullie mij volgen, zodat ik een DM kan sturen?
Enschede	@mhilbink hallo Maaike, de inzamelmethode bepaalt de gemeente. Almelo wil uiteindelijk overgaan op omgekeerd inzamelen, dat betekent dat 1/2
Enschede	Contentmarketing: vaarwel USP, hallo USC: Nog steeds zie ik marketeers krampachtig op zoek ... https://t.co/M0SMAerko8 #socialmedia #smm
Enschede	Contentmarketing: vaarwel USP, hallo USC: Nog steeds zie ik marketeers krampachtig op zoek ... https://t.co/ixYfhQhxSb #socialmedia #smm
Enschede, The Netherlands	@Lichtbolletje @Yen_li hallo je stond op 2?? #JaarTop500
Enschede, The Netherlands	@centralpoint_nl hallo, ik heb een iiyama B2483HSU DP besteld. Helaas kom ik na het uitpakken tegen dat hij een dode pixel bevat (groen).
Enschede, Overijssel	@huppeltjuh_ hallo, dat is vervelend. Zou je even in een DM  je voor- achternaam en e-mailadres kunnen doorgeven? ^Jenneke
Enschede, Overijssel	@Rosemarije hallo, ik zie dat een collega van mij destijds jouw e-mail heeft beantwoord. Maar als ik het goed begrijp heb je de bestelling
Enschede	Maak je SEO-strategie future-proof: vaarwel toptermen, hallo longtail: Organische vindbaarh... https://t.co/hR5biarW4y #socialmedia #smm
Enschede	Maak je SEO-strategie future-proof: vaarwel toptermen, hallo longtail: Organische vindbaarh... https://t.co/PnAfWkZgYr #socialmedia #smm
Enschede	Jongens jongen wát een wedstrijd. Eerste echt vermakelijke wedstrijd die ik dit EK zie (maar hallo Hongarije wel winnen thanks) ⚽ #honpor
Enschede nl	@Patrici54544377 hallo Patricia, natuurlijk ken ik je nog. Hoe is het met je?'nog altijd in Tiel? En hoe is het met je ouders ?
Enschede	https://t.co/MBIeo3ZIUM #NuDraait Feestpolitie - Zeg schat hallo #piratenhits #internetpiraten #NowPlaying
Enschede, Overijssel	@Gabyartpopp ik ben je even gaan volgen omdat ik swanqueen op je acc zag en nogal hard ging spacen, dus halloooo
Enschede	@Kim_Amsterdam Volgens mij maakt het niet uit wat je voor hempje aan doet want jij ziet er op elke foto waanzinnig mooi uit hallo hey.
