Groningen, Nederland	Hachmia(37) is luie man zat en wil nu hard geneukt worden Hallo schatjes¬† ik ben een romantische geile arabi https://t.co/ATUB6UeK7K #seks
Groningen, Nederland	Vrouw van 42 met nog mooie rondingen Hallo daar, mijn naam is Anneke, ik ben 42 jaar oud en ik kom uit Limbur https://t.co/PkFvVvoMgC #seks
Groningen, Nederland	Inge is sinds net weer vrijgezel Hallooo! Ik ben Inge en ik ben sinds net weer vrijgezel geworden en ik heb n https://t.co/YEQy3osfuP #seks
Groningen, Nederland	Hallo, ben net wakker
Groningen, Nederland	Heb jij interesse in een rijpe dame uit Brabant? Hallo leuke man, leuk dat je me profiel aan het lezen bent! https://t.co/UJLiQwYfQW #seks
Groningen, Nederland	Meid van 19 wil jou lollie likken Hallo, Ik ben Sandra en ik woon in Limburg, vind je me leuk en wil je eens https://t.co/6gLBNwX8D0 #seks
Groningen	@MarcoSmitEBG Hallo Marco, zou ik je 06 nummer even mogen in een DM? ik wil je wat vragen. Zou mooi zijn!
Groningen	Hallo #juni! Daar ben je weer. Een nieuw maand betekend nieuwe groenten en fruit! Wat eet‚Ä¶ https://t.co/HWoaFzWPSj
Groningen	@VanVeenOfficial Hallo Herman, Waar treedt u op 5 en 6 mei? Hoorde dat ik heen ging, maar weet nog niet waar :D
Netherlands, Groningen	@ingnl Hallo Tianne. Dat lukt niet omdat het gaat om een door mij opgeheven rekening. Ik kan niet in de community komen.
Groningen, Nederland	Alleenstaande vrouw van 43 zoekt man Hallo allemaal, mijn naam is Lucile en ik ben een alleenstaande vrouw me https://t.co/yzGTuog0Av #seks
Groningen, Nederland	Geen rare of vieze dingen, gewoon lekkere sex Hallo, mijn naam is Karin, ik ben 45 jaar oud en ik kom uit de https://t.co/hOGzRmMsCS #seks
Groningen, Nederland	Blondine van 26 zoekt gratis seks in Utrecht Hallo daar, ik ben een 26 jaar jonge vrouw uit de stad Utrecht e https://t.co/nSPIjACnWb #seks
Groningen	Hallo @DoloresLeeuwin mijn kids van 9&amp;11 snappen niks van jullie vertrek bij sklaasjournaal en de pieten discussie. Kun jij ze uitleg geven?
Groningen, Nederland	Ik zoek een jongen die weet wat die wil Hallo Allemaal! ik ben een super lieve en ook een hele spontane meid https://t.co/Dkos8YFs8T #seks
Groningen/Hoogkerk 	Hallo allemaal,\n\nVanavond om kwart voor 9 morgen de mannen weer spelen vrijdag ben ik helemaal vergeten de... https://t.co/AM9uUPE2cJ
Groningen, Nederland	Mooie Arabische meid zoekt sexcontact Hallo mijn naam is EIMAAN, Ik ben een 26 jarige lekkere geile nederl https://t.co/bKkA0K061M #seks
Groningen, Nederland	Dame van 19 zoekt een jongen uit omgeving Utrecht Hallo allemaal, mijn naam is Imke, ik ben geboren en getoge https://t.co/1a9NAT3pgK #seks
Groningen, Nederland	Duidelijker kan niet toch? Hallo sexy mannen, Zoals je ziet ben ik een blondine vrouw met een leuk lichaa https://t.co/TMFnKNNivK #seks
Groningen, Nederland	Vrouw van 40 zoekt gratis sex Hallo allemaal, mijn naam is Franca. Ik ben een spontane en lieve vrouw maar mi https://t.co/PeBOvGFW8e #seks
Groningen, Nederland	Simone heeft lekkere grote borsten Hallo allemaal, Ik ben Simone en ik kom uit het hoge noorden, uit Groninge https://t.co/tYHOINElPp #seks
Groningen, Nederland	Vrouw (32) zoekt een man boven de 55 Hallo leuke mannen van Nederland, Ik ben een 32 jarige vrouw uit Noord https://t.co/u2cIHCAZKI #seks
Groningen, Nederland	Word jij mijn allereerste? Hallo, ik ben Elly. Ik ben 19 jaar en nu komt het..... Ik ben nog maagd. Ik ben ne https://t.co/MPM1PeKL11 #seks
Groningen (NL)	@SCCambuurLwd Hallo, mijn pa/oom&amp; ik willen ook verlengen maar ander een plekje, kan ik dat 8juni bij jullie regelen op de club? Gr. Michel
Groningen, Nederland	Dame op leeftijd wil spannende sex Hallo Ik ben Geertruida, Laten¬† we romantisch beginnen en elkaar steed https://t.co/t8obypl1lM #seks
Groningen (NL)	@SCCambuurLwd Hallo, mijn pa/oom&amp; ik willen ook verlengen maar ander een plekje, kan ik dat 8juni bij jullie regelen op de club? Gr. Michel
Groningen, The Netherlands	@DHLNL Hallo! Vraag over pakket dat 02/06 bezorgd wordt, is 01/06 mislukt. Ben nie thuis en code vergeten. Kan ik afleveradres wijzigen? BVD
Groningen, Nederland	Ik ben Esmee, getinte meid met Cup-D Hallo mannen, ik ben Esmee een getinte meid die jou net iets meer kan ge https://t.co/UYQSd4xCot #seks
Groningen, Nederland	Tienerslet bezorgd jou de nacht van je leven Hallo wil je mijn naam weten? nou mijn naam is dus Suzie ik ben https://t.co/kMHynqwpF2 #seks
Groningen, Nederland	Vrouw (22) met een passie voor fotografie zoekt seks Hallo mijn naam is Mariska, ik ben 22 jaar oud en ik kom https://t.co/fgWryQELfB #seks
Groningen	Hallo @van_Rukhoven kan ik jou ook inzetten op feestjes en partijen?
Groningen, Nederland	Geile meid van 23 is gek op dubbele penetratie Hallo ik heet Clarine, Ik ben een geile meid van 23 jaar di https://t.co/61KDMIKKmu #seks
Groningen, Nederland	Alleenstaande moeder uit Rotterdam zoekt Hallo daar, mijn naam is Elize, ik ben een leuke meid uit Rotterdam https://t.co/WfRyJBL8ED #seks
Groningen, Nederland	lekker neuken buiten de deur? mij contqacten NU!!! Hallo Lieverd Ik ben een mooie strakke meid van 41 jaar https://t.co/j1OeItsseN #seks
Groningen, Nederland	Vrouw van 38 zoekt een man voor plezier Hallo daar, mijn naam is Taishe, een lekker prettig en gezellig gesto https://t.co/VzzXp9jfXQ #seks
Groningen, Nederland	Amateurtje uit het noorden van het land Hallo iedereen die deze website bezoekt. Ik ben Ellen, een milf van 3 https://t.co/sHegQ2Fggy #seks
Groningen	@zyxq1x0 Hallo, dit is een tijdelijke aanbieding. Deze ov-chipkaart kun je alleen op die tijd en die plaats daar kopen. ^EW
Groningen	@Willem_Dam  Hallo Willem, bedankt voor je reactie. Ik ga erachteraan! alvast een goed weekend ^EW
Groningen, Nederland	Hete Arabische meid Jamillia wil meer neuken, TRIOOTJE? Hallo lekkere kerels, Ik ben een arabisch meisje van https://t.co/1h0TzcGGmZ #seks
Groningen, Nederland	Negerinnetje (41) wacht op haar knieen op jouw harde LUL Hallo mooie man, Ik ben JANNA een lekkere geile br https://t.co/QhKjBS5XyO #seks
Groningen city	RT @MariekeVerhulst: Hallo @SanderDekker misschien begrijp je nu dat niet ieder kind in regulier #onderwijs past? #passendonderwijs https:/‚Ä¶
Groningen	Hallo #Groningen, had je een #UitzendingGemist? Of wil je een interview opnieuw beluisteren? Dat kan, via https://t.co/B07XJbvSZt
Groningen, Nederland	Hoer (21) wil gratis geneukt worden Hallo ik ben een jonge dame van 21 jaar, heeft iemand interesse in mij? l https://t.co/VNw8scSfVh #seks
Groningen, Nederland	@Svend1500 Hallo Sven. Ik heb je een PM gestuurd! ^Frank
Westerkwartier Groningen	RT @HVWNederland: RT @MariekeVerhulst: Hallo @SanderDekker misschien begrijp je nu dat niet ieder kind in regulier onderwijs past?  https:/‚Ä¶
Groningen, Nederland	Te jong voor een relatie maar niet te jong voor lekkere sex Hallo leuke en lekkere jonge mannen die zich hebb https://t.co/OWPx8tke3D #seks
Groningen, Nederland	licht getinte dame (24) wil meer sex en lust er wel pap van Hallo mooie man, Mijn naam is Gemmira, Ik ben https://t.co/tbRzqRzz0r #seks
Groningen	Hallowaaa! Rico steekt even lekker z'n tong uit terwijl de smid zijn werk doet üôä. We hebben‚Ä¶ https://t.co/DSN2NGCOhK
Groningen	*EWDPS*\n\n‡§®‡§Æ‡§∏‡•ç‡§§‡•á ÛæçóüèΩ (Hallo in het Hindi Ûæå∏) Vandaag hebben we een heerlijke curry op het menu! Ûæåß komt ie:\n\nIndiase... https://t.co/D6j5cr9gID
Groningen	@mediamarkt_nl Hallo, ik heb een waardeloze computer bij jullie gekocht. Hoe kan ik aan een nieuwe komen?
Groningen, Nederland	Wij zoeken een leuke jongere man Hallo allemaal, wij zijn E en A een leuk stel uit Groningen dat een zeer spa https://t.co/Z3gs3RoBnZ #seks
Groningen, Nederland	Wil je buiten neuken ? Cynthie (23) daten lol Hallo Ik ben Cynthie, Ik ben op zoek naar een geile maar ook https://t.co/hfiZkVGVRB #seks
Groningen, Nederland	Geile meid houd van grote piemels Hallo daar! Nou, zoals je ziet ben ik een geile meid die nooit genoeg krijg https://t.co/2q4exsxHXX #seks
Groningen, Nederland	DIkke tieten neuken en onderspuiten Hallo Ik ben RESA een lekkerre mollige meid van 50 met lekkere dikke ti https://t.co/8utkEnH67E #seks
Groningen, Nederland	Vrouw van 32 zoekt een leuke man in Amsterdam Hallo Allemaal, mijn naam is Dominique, ik ben 32 jaar oud en i https://t.co/lm4HnVIHJZ #seks
Groningen, Nederland	Lekkere jonge meid uit het noorden Hallo, Ik ben Maaike en ben een jonge lekkere meid van 27, al lijk ik jong https://t.co/Wz58Il6EuM #seks
Westerkwartier, Groningen, NL	RT @HVWNederland: RT @MariekeVerhulst: Hallo @SanderDekker misschien begrijp je nu dat niet ieder kind in regulier onderwijs past?  https:/‚Ä¶
Groningen, Nederland	Lekker strak wijfie van 49 zoekt Hallo, Ik ben Daimy een lekker strak wijfie van 49 Ik ben sexueel totaal https://t.co/AlD3dLCDSq #seks
Groningen, Nederland	Wil een beetje bijverdienen Hallo, Ik ben Merel en ik ben een alleenstaande moeder uit Alkmaar en die graag e https://t.co/2dSDMP99XJ #seks
Groningen, Nederland	Heet en super geil vrouw beest zoekt seks slachtoffer? Hallo lekker ding mijn naam is Gemmira uit Utrecht Ik https://t.co/wCtDM0Rnab #seks
Groningen, Nederland	Samen stappen met drank en daarna sex Hallo daar boys, ik zoek een goede leuke geile afspraakje met een leuke https://t.co/3yXL8y87Gw #seks
Groningen, NL 	Hallo @DeZomer_ ! Lekker hoor üòéüëç
Groningen\n	RT @Bastiaan_Post: Hallo @DeZomer_ ! Lekker hoor üòéüëç
Westerkwartier, Groningen, NL	RT @HVWNederland: Hallo @SanderDekker zou die groei van 5a's vrijstellingen te maken kunnen hebben met ons rigide onderwijssysteem? https:/‚Ä¶
Groningen, Netherlands	@HalloRaul Ik ben zo ook op utrecht!!
Groningen, Nederland	Sterretje (24) wil met je neuken Hallo poepie, Ik ben sterretje. en ik ben op zoek naar een leuke kerel voor https://t.co/lT3mm2PGd7 #seks
Westerkwartier Groningen	RT @HVWNederland: Hallo @SanderDekker zou die groei van 5a's vrijstellingen te maken kunnen hebben met ons rigide onderwijssysteem? https:/‚Ä¶
Groningen, Nederland	Vind het leuk als het maar sex is Hallo allemaal, jongens/mannen/heren, Ik ben Chantal, een leuke aardige amb https://t.co/VOW0OoZwcE #seks
Groningen/Hoogkerk 	Hallo Allemaal,\n\nSorry sorry ik was helemaal vergeten dat er een wedstrijd was en dat het al om half 9 begon als... https://t.co/TGkAZHWPMr
Groningen, Nederland	Vrouw van 38 op zoek naar afleiding Hallo daar lieve mannen die deze website bezoeken. Mijn naam is Quirine, https://t.co/vKIHpLjnmU #seks
Groningen, Nederland	Hallo twitter waarom ben je zo dood
Groningen, Nederland	Vrouw van 42 met nog mooie rondingen Hallo daar, mijn naam is Anneke, ik ben 42 jaar oud en ik kom uit Limbur https://t.co/PkFvVvoMgC #seks
Groningen, Nederland	Een leuke vrouw met een lieve uitstraling Hallo alle lieve spontane mannen die eens heerlijk op deze leuke we https://t.co/E6p7Oo6fV2 #seks
Groningen, Nederland	Vuistneuken? Kontlikken? DP? Snel NU! Saskia (45) daten! Hallo jongens , Ik ben Saskia een lekkere dikke mei https://t.co/xa8JdsgXe5 #seks
Groningen, Nederland	38-jarige vrouw houd van sex Hallo, Ik ben Kristy, een getrouwde vrouw en ben op zoek naar wat meer spanning https://t.co/d9fx2aIsSB #seks
Groningen, Nederland	Hallo ik ben Melani, 27 en ik kom uit Weert Hallo iedereen, Mijn naam is Melanie en ik kom uit Weert dat in https://t.co/esnBYBJyuv #seks
Groningen, Nederland	Vrijgezelle dame die geniet van het leven Hallo leuke mannen, ik ben ans, een meid die single is en van het l https://t.co/eQc1iTa8qc #seks
Groningen, Nederland	Rechtenstudente zoekt een man in Utrecht Hallo daar lekkerdingetjes, Mijn naam is Baukje, een vrouw uit Utrec https://t.co/GOnCMpBAPn #seks
Assen Groningen	Hallo dames, \nVraagje: een klant van mijn gebruikt de volgende medicatie vanwege haar reuma: Prednison,... https://t.co/QaDLDEYAIV
Groningen, Nederland	Vind jij het ook lekker om bij kaarsjes hete avonturen te beleven? Hallo iedereen die dit leest, Leuk dat https://t.co/0EOVGzBR9z #seks
Groningen, Nederland	Getinte vrouw zoekt een romantische man Hallo allemaal, mijn naam is Imma, ik ben een 28 jarige vrouw uit Cap https://t.co/9paqtbX0lF #seks
Groningen, Nederland	Mooie tienerblond (22) zoekt man voor orale sex Hallo lekker ding, Ik ben het een beetje zat als mannen sne https://t.co/tOUt25mwGp #seks
Groningen	@ErikDrenth Hallo Erik, op de zaterdag moet om 8 uur alles online staan en d.d.w. tussen 7 en 8 uur. ^^LL
Groningen	@HalloMetPuck Krijg je een foutmelding bij het inloggen op Mijn DUO? Zo ja, kun je het proberen met een andere computer en/of browser? ^JZ
Groningen	@holajola Hallo Jolanda, wil je wel contact opnemen het ons klantencontactcentrum te bereiken op 088-8002000. ... - https://t.co/DqGHREzC3i
ErgaatnietsbovenGroningen	RT @AsielGroningen: Hallo! Wij zijn Rico, Rubia, Jack, Boris, Mees, Mevrouw Jansen en Eva #geefommij https://t.co/grWMwFZOy8 https://t.co/l‚Ä¶
Groningen, Netherlands	RT @Dolfjansen: Hallo aandeelhouders @Shell &amp; @MinPres &amp; @Henkkamp \nMeer duurzaamheid is niet zo ingewikkeld, en wel zo eerlijk: https://t.‚Ä¶
Groningen, Nederland	RT @Dolfjansen: Hallo aandeelhouders @Shell &amp; @MinPres &amp; @Henkkamp \nMeer duurzaamheid is niet zo ingewikkeld, en wel zo eerlijk: https://t.‚Ä¶
Groningen	Voorbeeld in categorie "nooit geloven wat in de krant staat". Hallo @trouw, scherp hoor! Maar deze keer geen NAM. üò≥ https://t.co/qgzv9uxv9p
Groningen, Nederland	@ronaldreintjens Hallo Ronald, wat leuk dat je me volgt! We houden contact.
Groningen, Netherlands	@HalloRaul Kom samen eens BO 3 streamen :)
Groningen	@ABNAMRO Hallo, jullie app geeft een onbekende fout bij het inloggen. Dat lukt dus niet. Enig idee van oorzaak?
Groningen, Nederland	Dame met Italiaanse achtergrond zoekt een leuke man Hallo Boys and Girls, Mijn naam is Lianne, ik ben 28 len https://t.co/HJHvlOd1f6 #seks
Groningen, Nederland	44 jaar, en zoek een open-minded man Hallo, Leuk dat je even blijft stil staan bij mijn berichtje over mezelf https://t.co/3gMsQTOVlF #seks
Groningen, Netherlands	Hallo @4socialresults! Leuk om te horen! de Url is: https://t.co/FSTk27HXLv. We gaan dit in de manual zetten. @ccvshop_nl
Groningen, Nederland	Strakke hoer (42) moet meer geneukt worden Hallo geile beren , Ik ben Paulala een bagger geile amateur hoer https://t.co/OS9TARrL5v #seks
Groningen	@HalloMetPuck  Dat is vervelend. Welke pagina heb je precies nodig? En wat is de exacte melding die je krijgt? ^RHa
Groningen	@HalloMetPuck  Dankjewel, we hebben de melding doorgegeven. Voor nu kun je het beste een formulier gebruiken: https://t.co/AaBIqhgggy. ^Rha
Groningen, Nederland	Mooi en geil wijf (61) voor ongeremde sex Hallo lekkere kerel, ik ben een zeer geil en onwijs goed uitziende https://t.co/y0uLNj4vvf #seks
Groningen	RT @namfoh: Hallo wat was dat voor een knal???? #groningen
Groningen	@paulschuren Burgervliegtuigje zegt TV Noord. Zit je rustig in je Cessna, niet doorhebbend dat je radio stuk is. Hallo F16's! @VlbVolkel
Groningen, Nederland	Ben weer helemaal op zoek naar mannelijk aandacht Hallo mannen, Ik zal me even voorstellen, ik ben Emily en https://t.co/5ngs3AepMk #seks
Groningen	RT @raykerckhoffs: Hallo Franse regie: laat die schoffies in herhaling zien die kopstoten uitdelen! Veiligheid begint bij renners zelf! #ju‚Ä¶
Groningen	@Xann Hallo. Lijn 163 rijdt gewoon en sluit elke dag aan op de boot van en naar Lauwersoog. Dus ook op zaterdag üëç  ^WB
Groningen	Hallo @Donar_Official waarom kan dit bij jullie niet?? https://t.co/HPF7eSYGFb
Groningen, Nederland	Een ruim denkende vrouw van 35 jaar uit Limburg Hallo mijn naam is Adora, een vrouw van 35 jaar uit Limburg d https://t.co/ewsDwwcxX2 #seks
Groningen, Nederland	blonde Weena (54) op zoek naar romantische sex relatie Hallo ik ben Weena Ik ben 54 jaar¬† en sinds en tijdj https://t.co/35FD4pesAV #seks
Groningen, Nederland	Verlegen huismus wil thuis lekker genomen worden Hallo geile beer, Ik ben een verlegen meisje dat graag thui https://t.co/siYCxgkhKO #seks
Groningen, Nederland	@HalloRaul Ja, voor je Shure SM7B
Groningen, Nederland	Dame van 22 is wel in voor een potje gratis seks Hallo daar allemaal, alles goed met jou?? Laat ik eens begin https://t.co/UJ4FNPIkFK #seks
Groningen, Nederland	Hou erg veel van plasseks Hallo, Ik ben Jose, 48 jaar en ik kom uit de provincie Gelderland. Ik ben een erg g https://t.co/XB67arGTug #seks
Groningen, Nederland	Laat zien wat ik verdien Hallo, Eerlijk gezegd ben ik vaak best verlegen en het was dus voor mij al een hele https://t.co/0e1OPLCYTy #seks
Groningen, Nederland	Geil blondje wil de kamasutra met je uitproberen Hallo geile beer, Mijn naam is Evelientje Ik ben een lekke https://t.co/enq6HYA3gj #seks
Groningen, Nederland	Ik zoek een romantische sexpartner in Gelderland Hallo Ik ben CELIA, Ik ben een lekkere jonge meid van net https://t.co/9L8DAJ2qrq #seks
Groningen, Nederland	Blanke vrouw met grote borsten zoekt gratis sexdate Hallo geile heren die hier op deze mooie website kijken e https://t.co/eFryI0u2bR #seks
Groningen, Nederland	Leuke vrouw van Surinaamse afkomst (47 jaar) Hallo ik ben Kinsella, ik ben een leuke vrouw van Surinaamse kom https://t.co/T6yhdbfBqX #seks
Groningen, Nederland	Ik wil je neuken op de parkeerplaats Hallo, ik ben Laila, Ik ben een lekker (net beginnend) hoertje van 25 https://t.co/tn3deKBrIK #seks
Groningen	@EerinEngelen Hallo Eerin, Zou je willen vertellen wat er precies gebeurd is met je kat? Groet Eveline, internetredactie RTV Noord.
Groningen, Netherlands	@HalloRaul Ze zijn jaloers omdat zij maanden daarvoor moeten vakkenvullen. Laat die sukkeltjes lekker :)
Groningen, Nederland	Durf jij mij als vrouw aan? Hallo, Ik ben Ireen, ik ben 48 jaar en ik woon in de provincie Zeeland. Omdat het https://t.co/jyItQNgatG #seks
Groningen, Nederland	Twee geile mooie vriendinnen willen triootje met jou Hallo Jongens wij zijn twee lekkere geile en ook heel ro https://t.co/ljwAQAuRJF #seks
Groningen, Nederland	Geil halfbloedje (31) wil met je tongen Hallo Schatje Ik ben een lekkere geile donker getinte meid die stap https://t.co/VVgtYyyHau #seks
Groningen, Nederland	@Indi_010 @LinkTijger Bovenaan staat Hallowwww
Groningen, Nederland	Ik stop graag vanalles in mijn gaatjes Hallo geile, dikke palen!! Ik ben een vrouw van 30, die zeer positief https://t.co/wgYpL74FHi #seks
Groningen, Nederland	Hehe eindelijk 18 jaar Hallo dan, ik ben Simone, eindelijk 18 jaar. Mijn best vriendin heeft daarom deze mooi https://t.co/tMZfCIIIs4 #seks
Groningen, Nederland	mannenverslindster zoekt sex prooi Hallo lekker ding, Ik ben¬† funky88, Ik ben een heele super geile dame di https://t.co/7ED5DIvuSy #seks
Groningen	@MariekeWijninga Hallo! We waren druk met pitjes tellen;-) Excuus van Moeder Natuur! Kom je morgen een nieuwe meloen of ander toetje halen?
Groningen, Nederland	Italiaanse ouders maar zelf geboren in Amsterdam Hallo hallo! Mijn naam is Gulia maar mijn vrienden noemen mi https://t.co/0Q6K03W7Uc #seks
Groningen, Nederland	Geil sletje wil kamasutra met jou uitproberen Hallo Ik ben Anoeska, Ik ben net 21 jaar geworden Ik ben nog https://t.co/Bd4zV5ZoUl #seks
Groningen, Nederland	Lieke is bi-sexueel en zoekt sex Hallo ik ben een 21 jarig meisje die bi sexueel is dus sex met jongens/manne https://t.co/JEJisedpzK #seks
Groningen, Nederland	Hachmia(37) is luie man zat en wil nu hard geneukt worden Hallo schatjes¬† ik ben een romantische geile arabi https://t.co/ATUB6UeK7K #seks
Groningen, Nederland	Geile vrouw (68) wil (h)eerlijke sex date met jong en oud Hallo jongens Ik ben een lekkere dikke romantisch https://t.co/IbEpQSWGCq #seks
Groningen, Nederland	31 jarige vrouw met een onderdanig karakter Hallo allemaal, mijn naam is Jessy en ik ben een vrouw van 31 jaa https://t.co/R0PIf4lgQS #seks
Groningen, Nederland	Geil wijf (43) wil je lul afkluiven Hallo Ik ben Milfey een hele geile menselijke afzuig machine lol Ik ben https://t.co/rKBsrxyxzk #seks
Groningen, Nederland	Vrijgezel bevalt me wel maar ik mis iets Hallo allemaal, Mijn naam is Xandra, ben 21 jaartjes jong en woon https://t.co/RP6eBec0Hr #seks
Groningen, Nederland	Ik ben in voor iets nieuws Hallo iedereen die deze website bezoekt. Mijn naam is Edith, een goed uitziende vr https://t.co/UDawif0wSE #seks
Groningen, Nederland	mijn seks hobbies zijn:‚Ä¶.. Hallo lekker ding¬† Ik ben Babbsies een baggergeil meisje van net 44 jaar Word https://t.co/DIVAugIlBi #seks
Groningen, Nederland	Pauliene met de lekkere tieten zoekt man Hallo mooie man, Mijn naam is Pauliene Ik ben een beere geile https://t.co/zvDhOp8Adp #seks
Groningen, Nederland	Viel eerst op vrouwen maar voel nu ook voor mannen Hallo ik ben een jonge vrouw van 30 jaar oud en ik kom uit https://t.co/DpMVfnKqL5 #seks
Groningen, Nederland	Mijn naam is Tamara, 19 jaar en kom uit Brabant Hallo Allemaal, mijn naam is Tamara en ik kom uit noord-braba https://t.co/2pTXQLnbzE #seks
Groningen, Nederland	Dame van 46 wilt elkaar verwennen Hallo Daar allemaal, ik zou me eens beginnen om me voor te stellen want dat https://t.co/Mh2c9kJHP9 #seks
Groningen, Nederland	Hallo @TubeTotaal ! Ik ben een YT kanaal begonnen en wil een BO3 video uploaden. Alleen ik kan geen video inplannen  https://t.co/YilLQ2u0q7
Groningen, Nederland	Zoek een man boven de 55 die me vol wil spuiten Hallo ik probeer via deze website in contact te komen van een https://t.co/9AF6eKerYl #seks
Groningen, Nederland	Alleenstaande vrouw van 40 wil seks Hallo Ik ben NETALLEEN en dat is niet goed voor mijn sex leven Ik snak https://t.co/3QD417i3lo #seks
Groningen, Nederland	49 jarige dame die dol is op sperma in haar gezicht Hallo allemaal, ik ben voor het eerst te zien op deze web https://t.co/lSCIkvYmrE #seks
Groningen, Nederland	Ik mis het pikante seksleven en zoek dus gratis seks Hallo Kerels, Mijn naam is Sterre en ik ben geboren i https://t.co/gq620JI3eH #seks
Groningen, Nederland	Zoek een wat jongere man dan 50 jaar Hallo Ik ben Hellen, een hele mooie leuke aantrekkelijke vrouw van 50 ja https://t.co/8D6ozAwvdX #seks
Groningen, Nederland	Kun en wil jij mij eens heerlijk verrassen? Hallo alle hete mannen! Pas op hoor, want hier ben ik! Mijn naam https://t.co/oItqDxUIqL #seks
Groningen, Nederland	42 jarige rijpe vrouw zoekt sexdate Hallo daar allemaal die deze website bezoeken en even de tijd nemen om mi https://t.co/7ohDaeGwkZ #seks
Groningen, Nederland	Waarom kijk jij op deze site? Hallo, Ik ben Marloes, 23 jaartjes jong.. Gekke, energie, kei toffe meid.. https://t.co/O4yXOlSMLr #seks
Groningen, Nederland	Zoek een gratis sexpartner, iets ouder dan ik Hallo ik ben Yoni, een leuke jonge dame van nog maar 19 jaar ou https://t.co/2UbKe7qZcw #seks
Groningen, Nederland	Jonge verzorgde sportieve dame Hallo allemaal, Kom uit Limburg maar studeer nu in Brabant en woon daar nu https://t.co/L2KaUw9g5f #seks
Groningen	Hallo @ROVAwinterswijk, mag het luier afval, naast de aangegeven dagen/tijden, ook op andere dagen gebracht worden?
Groningen, Nederland	Mutsy (44) zoekt een sex date voor ongeremde seks Hallo Ik ben een mooie jonge vrouw¬† van 44 jaar en heb een https://t.co/bakEw5Cb40 #seks
Groningen, Nederland	Heb jij interesse in een rijpe dame uit Brabant? Hallo leuke man, leuk dat je me profiel aan het lezen bent! https://t.co/UJLiQwYfQW #seks
Groningen	Hallo @erikvmuiswinkel Helaas geen reactie van Dolores ontvangen, dus mogelijk kan jij antwoord geven?? https://t.co/KzjAxzDnCc
Groningen, Nederland	41 jaar en zoek een leuke sexrelatie Hallo, ik ben al een tijdje op zoek naar een man die een leuke en spanne https://t.co/nUBeclaSNt #seks
Groningen, Nederland	RT @bartlup: Hallo #DeBesteSocial! Ik ben bartlup, allemaal ff toevoegen aub https://t.co/kP35yzMIze
Groningen, Nederland	Getrouwde huisvrouw wil geneukt worden Hallo geile mannen, ik ben een getrouwd huisvrouwtje dat eens graag ge https://t.co/Le9Ji3ONtd #seks
Groningen, Nederland	mulata zoekt wilde seks Hallo mijn naam is Nena Ik ben een bagger geil donker getinte zwartharige s https://t.co/yO7M3vwUGL #seks
Groningen, Nederland	Bellefleur(22) wil met jou een super geile sexdate Hallo Ik ben Bellefleur, Ik ben twee en twintig jaar Ik w https://t.co/zRXA1gNfRt #seks
Groningen, Nederland	Pas afgestuurde studente zoekt lekkere sex Hallo allemaal, Ik ben Pomme, 22 jaar en ik woon in Breda. Ik ben https://t.co/QNqlU95NcR #seks
Groningen, Nederland	Wil jij met mij daten en de remmen los gooien? Hallo allemaal, mijn naam is Miriam, ik ben nog helemaal lekke https://t.co/eQPbzQ2xTf #seks
Groningen, Nederland	Ik vindt respect voor elkaar belangrijk Hallo, Ik ben Evy een 30-jarige dame uit Flevoland. Ik zoek een leuke https://t.co/7ZfIHmNGD1 #seks
Groningen, Nederland	Mooi klein blondje (21) met onwijs geil kontje wil‚Ä¶‚Ä¶. Hallo ik ben 21 jaar en op zoek naar lekkere sex da https://t.co/TuXjW66jox #seks
Groningen, Nederland	Zoek een man die meer wilt dan alleen sex Hallo, Ik ben Evie ik ben net weer vrijgezel en ik mis het nu alwee https://t.co/dqX9q5WsP9 #seks
Groningen (NL)	@MobielnlWebcare Hallo, ik zie dat de IphoneSE silver leverbaar is. Zou ik die ook kunnen krijgen ipv Space Gray? ordernr: 1632031
Groningen/Hoogkerk 	Hallo Allemaal, \n\nVanavond is het dan zo ver het EK voetbal 2016 ik heb de standenlijst uit de krant bewerkt en... https://t.co/IfFKtTgOVM
Groningen, Nederland	Hallo ik ben Tessa en zoek een gratis sekspartner Hallo Geile mannen ofterwijl bezoekers van www.onlinehoertj https://t.co/XpY2rFHpq7 #seks
Groningen, Nederland	Kateline (34) zoekt man om samen naar parenclubs te gaan Hallo Lekker ding,¬† Ik ben Kateline een erg geile https://t.co/PilbgHfTaI #seks
Groningen, Nederland	Aziatische meid Myaa(25) : schatje vreet mijn kutje ff kaal! Hallo Lieverd¬† ik ben een romantische meid me https://t.co/oIr62erHy2 #seks
Groningen en Utrecht	Hallo zelfstandig ondernemer! Leuk om je te ontmoeten op ons #ZZPCongres https://t.co/C64IoHzXOR
Groningen, Nederland	Gratis seks gezocht in Drenthe Hallo allemaal, mijn naam is Teuntje, ik ben inmiddels alweer 22 jaar oud en z https://t.co/XjhmU57O4m #seks
Groningen, Nederland	Mooie knappe dame zoekt een sportieve en knappe kerel Hallo, Mijn naam is Lindsey, ik ben 19 jaar maar over e https://t.co/WEjvwTuaoX #seks
Groningen, Nederland	Mis het lekkere seks met een leuke man Hallo ik ben Ren√©e, heb jij misschein zin om je te laten vertroetelen https://t.co/xp2hiiJhNA #seks
Groningen, Nederland	Zoek een lekkere jongen om heerlijk mee te seksen Hallo alle geile mannen van Nederland! Mijn naam is Patr https://t.co/7tRqiZs3Jz #seks
Groningen, Nederland	RT @ShrestiM: Een mooi tweetje https://t.co/kG5xyRHoqO @HalloRaul
Groningen, Nederland	RT @HalloRaul: WE ZIJN LIVE ! https://t.co/sL0cP9PKLH
Groningen, Nederland	Ik wil nu direct een romantische sexdate met JOU!!!!! Hallo mooie mannen, ik ben Gianne een heetbloedige 28 j https://t.co/LPOQXkQqsr #seks
Groningen/Hoogkerk 	Hallo allemaal, \n\nVandaag was de eerste wedstrijd Frankrijk tegen Roemeni√´ de stand van deze wedstrijd is 2-1... https://t.co/KV9EN3T4Qs
Groningen	RT @BrendaStoter: Werkelijk waar absurd. Hallo, regering?! --&gt; Verkrachte Nederlandse (22) vast in Doha vanwege 'seks buiten huwelijk' http‚Ä¶
Groningen, Nederland	Zoek een man met zelfvertrouwen en lef voor gratis seks Hallo daar! Mijn naam is Nina en ik ben nog maar 19 j https://t.co/rULZ1FUFZD #seks
Groningen, Nederland	Vrouw van 30 zoekt partner voor plassex Hallo daar, mijn naam is Millie, ik ben 30 jaar oud en ik kom uit de https://t.co/SFTdTeyaYK #seks
Groningen, Nederland	Saharah (52) zoekt man voor ongeremde seks Hallo mannen¬† ik ben Saharah een vlotte meid die van mannen houd https://t.co/eP4oKTKkYS #seks
Groningen, Nederland	24 jarige studente zoekt lekkere sex in Groningen Hallo ik ben Bethina, een spannende meid van 24 jaar uit de https://t.co/mtLLGuOyaq #seks
Groningen, Nederland	Koppel zoekt vrouwen en mannen voor sex Hallo wij zijn Sum &amp; Sem wij zoeken leuke vrouwen of mannen om ons he https://t.co/r2oYFwLDwN #seks
Groningen, Nederland	Een leuke vrouw van 48 jaar zoekt een man Hallo ik ben Carmen, ik ben 48 jaar oud en heb een blanke huidskleu https://t.co/EONBwJERcL #seks
Groningen	@marleen2503 Hallo Marleen, thnx voor het compliment! Waar en hoe laat ben je ingestapt? en waar ging je naartoe? Dan stuur ik je tweet 1/2
Groningen, Nederland	Wat een lekkere tietjes om op te spuiten!!! Hallo ik ben Nancyliefde (42) en zie er onwijs goed uit al zeg ik https://t.co/ZQYWOChQpw #seks
Groningen, Nederland	mooie vlotte romantische meid van 37 wil geneukt worden Hallo lieverd , Ik ben tot nu toe veel liefde te ko https://t.co/44keyQbMWv #seks
Groningen, Nederland	Geile Anouk18 wil meer sex NU!!! ;) Hallo stelletje geile beren van me Ik ben Anouk, een 20 jarige lekkere https://t.co/Pw4mI9bwhY #seks
Groningen, Nederland	Lekkere jonge Friese meid Hallo, Ik ben Maaike en ben een jonge lekkere meid van 27, al lijk ik jonger haha. https://t.co/wvHxQgr6ot #seks
Groningen, Nederland	Ondeugende vrouw van 37 jaar zoekt man Hallo mannen. Ik ben Elza en kan jullie vertellen dat ik echt een hele https://t.co/OCYIFfGU3I #seks
Groningen, Nederland	Mira (23) zoekt een leuke man en woont in Utrecht Hallo allemaal, Mijn naam is Mira, een 23-jarige vrouw uit https://t.co/97RibyBsoN #seks
Groningen, Nederland	Zoek een jongen van rond de 20 uit Amsterdam Hallo iedereen, mijn naam is Shayna, kom uit de stad Amsterdam e https://t.co/FdHGYRwWOS #seks
Groningen, Nederland	Een lekkerder toetje kan je je toch bijna niet indenken? Hallo daar! Ik ben Jantien een 25 jarige dame u https://t.co/wti2VkmOIb #seks
Groningen, Nederland	Een leuke en verzorgde Marokkaanse dame wil genieten Hallo lieverds, Ik ben een leuke en verzorgde Marokka https://t.co/UEOEsWMP5n #seks
Groningen, Nederland	Zoek iemand voor een stiekeme seksdate Hallo bezoekers die mijn berichtje op deze prachtige website lezen. Wa https://t.co/ekSH1X407B #seks
Groningen, Nederland	Romantisch aangelegde vrouw (42) Hallo iedereen! Ik ben een lieve,leuk uitziende vrouw(42 jaar,174 cm). Ik be https://t.co/4E7MmtDLvA #seks
Groningen, Nederland	22 jarige dame uit Amsterdam met goedgevormde billen Hallo jongens! Mijn naam is Nila, ik ben 22 jaar jong en https://t.co/fGiOEZlQbc #seks
Groningen, Nederland	Inge is sinds net weer vrijgezel Hallooo! Ik ben Inge en ik ben sinds net weer vrijgezel geworden en ik heb n https://t.co/YEQy3osfuP #seks
Groningen, Nederland	Zoek iemand voor een geile en spannende date Hallo Jongens! mijn naam is Claire, ik ben een heterosexuele dam https://t.co/g4KOLMTdLI #seks
Groningen en Utrecht	Hallo zelfstandige ondernemer! Leuk om je te ontmoeten op ons #ZZPCongres https://t.co/C64IoHzXOR
Groningen, Nederland	Sasja (30) schatje vreet jij mijn kutje ff kaal Hallo Schatje ik ben op zoek naar jou!!!! Ben jij die echte https://t.co/vBqxehVbtZ #seks
Groningen	Hallo @BartStapert! Ik zou u graag een paar vragen stellen over mensenrechten voor @kroncrvradio, kan ik u bellen? Alvast bedankt!
Groningen, Nederland	Ben jij die man die ook houd van lekkere ongeremde seks? Hallo allemaal, Mijn naam is Vicky een leuke meid https://t.co/Ddm8FmlWBg #seks
Groningen, Nederland	Zoek seks met koppeltjes Hallo alle mannen en vrouwen die de moeite nemen om mijn profiel eens te lezen, Mijn https://t.co/cS7sbOI7DD #seks
Groningen, Nederland	Lonne zoekt een lekkere jongen rond de 19 jaar oud Hallo allemaal, mijn naam is Lonne, een meid van 19 jaartj https://t.co/vBsyE84LHV #seks
Groningen, Nederland	Bamby voor buitensex‚Ä¶ Hallo¬† Ik ben Bamby Ik ben net 22 jaar¬† en ben op zoek naar iemand om samen te gen https://t.co/oxA8qzPepC #seks
Groningen	Hallo, meer mensen tegenwoordig last van #mot in kleding/#kledingmotjes ? Wat te doen behalve #mottenballen?
Groningen, Nederland	Ellen wil nu direct sex Hallo, Ik ben dus Ellen een leuke studente uit Eindhoven en wil graag in contact kome https://t.co/WjEhC91wVV #seks
Groningen, Nederland	Een goed uitziende vrouw van 50 jaar Hallo daar, Zijn alle leuke mannen verstopt? kom maar weer te voorschijn https://t.co/XG582STuJx #seks
Groningen, Nederland	Donkere vrouw uit de stad Utrecht is voor veel in Hallo, Ik ben een donkere dame uit de stad Utrecht die het https://t.co/WtWvP2mRx5 #seks
Groningen, Nederland	verlegen blondine houd van rollenspel Hallo ik ben sweetsexxx Ik ben een erg verlegen meisje en houd niet https://t.co/Udrr39iKNB #seks
Groningen, Nederland	Arabie√´r wil diep anaal genomen worden Hallo ik ben Fashina ik ben 24 jaar oud en ik kom uit de provincie Li https://t.co/u1J3u8b5tQ #seks
Groningen, Nederland	Eerst elkaar beter leren kennen en dan lekker seks Hallo Dames en Heren, ik ben een vrouw die op zoek is naar https://t.co/KVewI06lCI #seks
Groningen, Nederland	Ik wacht op je in Groningen Hallo lekkere geile mannen!! Ik ben jong, lekker geil en ik hou van feesten... I https://t.co/ezIMpKgY1A #seks
Groningen, Nederland	Heel mooi lang en verlegen meisje(34) zoekt leuke sex date Hallo, het valt niet mee om even een profieltje va https://t.co/CGwJxdc4MX #seks
Groningen, Nederland	Een sexy langharige blonde MILF van 32 jaar Hallo heerlijke kerels, Mijn naam is Christina en ik ben een s https://t.co/VZDS22gSZb #seks
Groningen, The Netherlands	@NOS Hallo!! Daar zijn we weer vriendjes en vriendinnetjes! wat fijn dat jullie er zijn! Haten jullie de russen al? Russen zijn enge mensen.
Groningen, Nederland	Rockchick (19) uit het oosten van het land wil gratis seks Hallo allemaal, mijn naam is Pauline, ik ben een e https://t.co/WcigXiFbi6 #seks
Groningen	RT @EefHermans: Hallo tekstschrijvers en journalisten! Iemand ervaring met deze software? (gesproken tekst omzetten naar geschreven)\nhttps:‚Ä¶
Groningen, Nederland	Mannuela (24) uit Groningen zoekt gratis seks Hallo mijn naam is Manuela en ik waag het ook maar eens om op e https://t.co/i2pT6xjI9o #seks
Groningen, Nederland	Meid van 19 wil jou lollie likken Hallo, Ik ben Sandra en ik woon in Limburg, vind je me leuk en wil je eens https://t.co/6gLBNwX8D0 #seks
Groningen, Nederland	@mediamarkt_nl Hallo, Ik heb vorige week maandag een ps4 500gb besteld maar is nooit aangekomen. ik zou het fijn als jullie reageren. Mvg.
Groningen, Nederland	Lekkere mollige behaarde kut wil een keiharde sex date Hallo tijger, Mijn naam is Zaleigh Ik zoek een echt n https://t.co/Vd7avyEo6m #seks
Groningen, Friesland, Drenthe	RT @Saloua095: Hallo lieve mensen, ik ben op zoek naar een uitdagende juridische stage! Heb je tips? Let me know! üòä https://t.co/soKsM0DkYG
Groningen, Nederland	Geil sletje van 26 uit het midden van het land Hallo allemaal, bedankt dat jullie even komen kijken wie ik be https://t.co/IH9VuojymN #seks
Groningen Netherlands	RT @Saloua095: Hallo lieve mensen, ik ben op zoek naar een uitdagende juridische stage! Heb je tips? Let me know! üòä https://t.co/soKsM0DkYG
Groningen	RT @Saloua095: Hallo lieve mensen, ik ben op zoek naar een uitdagende juridische stage! Heb je tips? Let me know! üòä https://t.co/soKsM0DkYG
Groningen/Hoogkerk 	Hallo Allemaal,\n\nMatthijs en ik (patricia) gaan jullie elke dag op de hoogte houden van alle wedstrijden ik... https://t.co/uO7BFsINUh
Groningen	RT @Saloua095: Hallo lieve mensen, ik ben op zoek naar een uitdagende juridische stage! Heb je tips? Let me know! üòä https://t.co/soKsM0DkYG
Veendam, Groningen NL	RT @Saloua095: Hallo lieve mensen, ik ben op zoek naar een uitdagende juridische stage! Heb je tips? Let me know! üòä https://t.co/soKsM0DkYG
Groningen, the Netherlands	RT @Saloua095: Hallo lieve mensen, ik ben op zoek naar een uitdagende juridische stage! Heb je tips? Let me know! üòä https://t.co/soKsM0DkYG
Groningen	RT @Saloua095: Hallo lieve mensen, ik ben op zoek naar een uitdagende juridische stage! Heb je tips? Let me know! üòä https://t.co/soKsM0DkYG
Groningen	@Twijn Hallo! Via @DeikeSchulz hoor ik dat er een Facebookgroep is voor laureaten van de @Promotiebeurs, zou je me willen toevoegen?
Groningen, Nederland	Dame wil iets nieuws leren van jou Hallooooo ik ben Eveline ben een blanke dame met een lekker vol lichaam, i https://t.co/lF29MVJloa #seks
Groningen	@sb0592 Hallo, het studentenreisproduct is niet geldig in de nachtbussen tijdens de TT. Je kunt wel op saldo reizen met je ov-chipkaart^BB
Groningen, The Netherlands	Hallo @NOSsport  ik ben blij dat Spanje-Tsjechi√´ saai is. Nu is er tenminste voldoende tijd om wateroverlast van de normale man te bespreken
Groningen, Nederland	Mooie Arabische meid zoekt sexcontact Hallo mijn naam is EIMAAN, Ik ben een 26 jarige lekkere geile nederl https://t.co/bKkA0K061M #seks
Groningen	Hallo,\nWij zijn Rolf, Stefanie, Lindy en Remon en wij vormen samen de PR-commissie. Wij zorgen voor... https://t.co/McYDaM7uX7
Groningen/Hoogkerk 	Hallo Allemaal, \n\nSpanje tegen Tsjechische is vanmiddag in een 1-0 voor Spanje ge√´indigd \n\nGroetjes , Het team van WK &amp; EK Nieuws ‚öΩ
Groningen, Nederland	Heet en super geil vrouw beest zoekt seks slachtoffer? Hallo lekker ding mijn naam is Gemmira uit Utrecht Ik https://t.co/wCtDM0Rnab #seks
Groningen	@Duostudent Hallo Duo. Dat komt echt even heel slecht uit. Hoe moet het wel? De link geeft een foutmelding (uiteraard).
Groningen, Nederland	Rockchick (19) uit het oosten van het land wil gratis seks Hallo allemaal, mijn naam is Pauline, ik ben een e https://t.co/WcigXiFbi6 #seks
Groningen, Nederland	Vrouw van 30 zoekt partner voor plassex Hallo daar, mijn naam is Millie, ik ben 30 jaar oud en ik kom uit de https://t.co/SFTdTeyaYK #seks
Groningen, Nederland	Mutsy (44) zoekt een sex date voor ongeremde seks Hallo Ik ben een mooie jonge vrouw¬† van 44 jaar en heb een https://t.co/bakEw5Cb40 #seks
Groningen, Nederland	DIkke tieten neuken en onderspuiten Hallo Ik ben RESA een lekkerre mollige meid van 50 met lekkere dikke ti https://t.co/8utkEnH67E #seks
Groningen, Nederland	Ik vindt respect voor elkaar belangrijk Hallo, Ik ben Evy een 30-jarige dame uit Flevoland. Ik zoek een leuke https://t.co/7ZfIHmNGD1 #seks
Groningen, Nederland	41 jaar en zoek een leuke sexrelatie Hallo, ik ben al een tijdje op zoek naar een man die een leuke en spanne https://t.co/nUBeclaSNt #seks
Groningen, Nederland	Vrouw (32) zoekt een man boven de 55 Hallo leuke mannen van Nederland, Ik ben een 32 jarige vrouw uit Noord https://t.co/u2cIHCAZKI #seks
Groningen	Hallo @delfsail, waarom geen info in Engels op jullie site? Andere buitenlandse bezoekers dan Duitse zijn toch ook wel welkom?
Groningen, Nederland	Blanke vrouw met grote borsten zoekt gratis sexdate Hallo geile heren die hier op deze mooie website kijken e https://t.co/eFryI0u2bR #seks
Groningen, Nederland	Word jij mijn allereerste? Hallo, ik ben Elly. Ik ben 19 jaar en nu komt het..... Ik ben nog maagd. Ik ben ne https://t.co/MPM1PeKL11 #seks
Groningen, Nederland	Eerst elkaar beter leren kennen en dan lekker seks Hallo Dames en Heren, ik ben een vrouw die op zoek is naar https://t.co/KVewI06lCI #seks
Groningen, Nederland	Een leuke en verzorgde Marokkaanse dame wil genieten Hallo lieverds, Ik ben een leuke en verzorgde Marokka https://t.co/UEOEsWMP5n #seks
Groningen, Nederland	Een sexy langharige blonde MILF van 32 jaar Hallo heerlijke kerels, Mijn naam is Christina en ik ben een s https://t.co/VZDS22gSZb #seks
Groningen, Nederland	Wil je buiten neuken ? Cynthie (23) daten lol Hallo Ik ben Cynthie, Ik ben op zoek naar een geile maar ook https://t.co/hfiZkVGVRB #seks
Groningen, Nederland	Duidelijker kan niet toch? Hallo sexy mannen, Zoals je ziet ben ik een blondine vrouw met een leuk lichaa https://t.co/TMFnKO4TUk #seks
Groningen, Nederland	Hallo @Baxshop , Ik wil een XLR kabel kopen maar ik zou dit graag via Bax Coins willen doen :) Hoe krijg ik snel 800 erbij ? ;)
Groningen, Nederland	Pas afgestuurde studente zoekt lekkere sex Hallo allemaal, Ik ben Pomme, 22 jaar en ik woon in Breda. Ik ben https://t.co/QNqlU95NcR #seks
Groningen, Nederland	blonde Weena (54) op zoek naar romantische sex relatie Hallo ik ben Weena Ik ben 54 jaar¬† en sinds en tijdj https://t.co/35FD4pesAV #seks
Groningen	@jpasa112 Hallo, er is niets ingeleverd. Je kunt het beste het formulier invullen op onze site. Worden ze gevonden, hebben wij je naw. ^BB
Groningen, Nederland	Arabie√´r wil diep anaal genomen worden Hallo ik ben Fashina ik ben 24 jaar oud en ik kom uit de provincie Li https://t.co/u1J3u8b5tQ #seks
Groningen, Nederland	licht getinte dame (24) wil meer sex en lust er wel pap van Hallo mooie man, Mijn naam is Gemmira, Ik ben https://t.co/tbRzqRzz0r #seks
Groningen, Nederland	Meid van 19 wil jou lollie likken Hallo, Ik ben Sandra en ik woon in Limburg, vind je me leuk en wil je eens https://t.co/6gLBNwX8D0 #seks
Groningen, Nederland	Twee geile mooie vriendinnen willen triootje met jou Hallo Jongens wij zijn twee lekkere geile en ook heel ro https://t.co/ljwAQAuRJF #seks
Groningen, Nederland	Ik wacht op je in Groningen Hallo lekkere geile mannen!! Ik ben jong, lekker geil en ik hou van feesten... I https://t.co/ezIMpKgY1A #seks
Groningen, Nederland	Geen rare of vieze dingen, gewoon lekkere sex Hallo, mijn naam is Karin, ik ben 45 jaar oud en ik kom uit de https://t.co/hOGzRmMsCS #seks
Groningen, Nederland	Vrouw van 32 zoekt een leuke man in Amsterdam Hallo Allemaal, mijn naam is Dominique, ik ben 32 jaar oud en i https://t.co/lm4HnVIHJZ #seks
Groningen, Nederland	Dame van 46 wilt elkaar verwennen Hallo Daar allemaal, ik zou me eens beginnen om me voor te stellen want dat https://t.co/Mh2c9kJHP9 #seks
Groningen, Nederland	Ik wil nu direct een romantische sexdate met JOU!!!!! Hallo mooie mannen, ik ben Gianne een heetbloedige 28 j https://t.co/LPOQXkQqsr #seks
Groningen	@ZiggoWebcare Hallo, Ik heb horizon tv via IE 11 maar komt schokkerig en vertraagd binnen sinds tijdje. pc aangesloten bekabeld met cat 6.
Groningen/Hoogkerk 	Hallo Allemaal,\n\nGisteren zijn de wedstrijden van \nOostenrijk - Hongarije in 0-1 (dit had ik Patricia niet... https://t.co/8yhWpi3lu5
Groningen	Hallo plensbui in 050, wil je overwaaien als ik over een uurtje op de fiets naar de stad moet?
Groningen, Nederland	Een goed uitziende vrouw van 50 jaar Hallo daar, Zijn alle leuke mannen verstopt? kom maar weer te voorschijn https://t.co/XG582STuJx #seks
Groningen, Netherlands	@Prezoncraft En natuurlijk ook voor raaaaaaaaaawoeeeeeel @HalloRaul
Groningen, Nederland	Sasja (30) schatje vreet jij mijn kutje ff kaal Hallo Schatje ik ben op zoek naar jou!!!! Ben jij die echte https://t.co/vBqxehVbtZ #seks
 Haren - Groningen	RT @stinos: Hallo Amsterdam, er komen een paar dronken Russen jullie kant op! https://t.co/5cR8Fjo5dI
Groningen, Nederland	Vind jij het ook lekker om bij kaarsjes hete avonturen te beleven? Hallo iedereen die dit leest, Leuk dat https://t.co/0EOVGzkfKZ #seks
Groningen, Nederland	Ellen wil nu direct sex Hallo, Ik ben dus Ellen een leuke studente uit Eindhoven en wil graag in contact kome https://t.co/WjEhC91wVV #seks
Groningen	Hoi. Hallo. Mede mensen. Proberen weer actief te zijn hihi. Volgensmij is twitter wel een beetje dood tho
Groningen, Nederland	Dame wil iets nieuws leren van jou Hallooooo ik ben Eveline ben een blanke dame met een lekker vol lichaam, i https://t.co/lF29MVJloa #seks
Groningen, Nederland	Zoek een wat jongere man dan 50 jaar Hallo Ik ben Hellen, een hele mooie leuke aantrekkelijke vrouw van 50 ja https://t.co/8D6ozAwvdX #seks
Freistaat Groningen	RT @cmsNetherlands: #Kamp die zich bemoeid met #FCTwente fiasco. Hallo @VVD...! \nGa je ff druk maken om de mijnbouw wet ipv #FCTwente \nhttp‚Ä¶
Groningen, Nederland	Negerinnetje (41) wacht op haar knieen op jouw harde LUL Hallo mooie man, Ik ben JANNA een lekkere geile br https://t.co/QhKjBSnyqm #seks
Groningen	@JarnoSulmann Hallo Jarno, We geven je melding even door, hopelijk is het probleem snel verholpen :) ^AV
Groningen, Nederland	Lekkere jonge meid uit het noorden Hallo, Ik ben Maaike en ben een jonge lekkere meid van 27, al lijk ik jong https://t.co/Wz58Ilofmk #seks
Groningen, Nederland	Een leuke vrouw met een lieve uitstraling Hallo alle lieve spontane mannen die eens heerlijk op deze leuke we https://t.co/E6p7Oo6fV2 #seks
Groningen | A'dam | ‚ù§Ô∏èSchier	@JulianBuijzen Hallo Julian. Zou ik deze foto mogen gebruiken bij een artikel op onze website met jouw naamvermelding?
Groningen, Nederland	24 jarige studente zoekt lekkere sex in Groningen Hallo ik ben Bethina, een spannende meid van 24 jaar uit de https://t.co/mtLLGuOyaq #seks
Groningen, Nederland	Geil wijf (43) wil je lul afkluiven Hallo Ik ben Milfey een hele geile menselijke afzuig machine lol Ik ben https://t.co/rKBsrxyxzk #seks
Groningen, Nederland	Getinte vrouw zoekt een romantische man Hallo allemaal, mijn naam is Imma, ik ben een 28 jarige vrouw uit Cap https://t.co/9paqtbX0lF #seks
Groningen	Hallo @Stadsbeheer050 , langs de Noorder begraafplaats loopt een pad, alleen wordt overwoekerd nu.#onveilig #snoeien https://t.co/ivVrWdSF3g
Groningen, Nederland	Geil blondje wil de kamasutra met je uitproberen Hallo geile beer, Mijn naam is Evelientje Ik ben een lekke https://t.co/enq6HYA3gj #seks
Groningen	@ZiggoWebcare Hallo, hebben jullie enig idee of er een storing is in Hoogeveen? Bliksem sloeg ergens in en sinds dien geen WIFI/TV
Groningen, Nederland	Pauliene met de lekkere tieten zoekt man Hallo mooie man, Mijn naam is Pauliene Ik ben een beere geile https://t.co/zvDhOp8Adp #seks
Groningen/Hoogkerk 	Hallo allemaal de uitslagen van gister waren\nRusland-Slowakije 1-2\nRoemeni√´- Zwitserland 1-1\nFrankrijk - Albani√´... https://t.co/Y9YpxcvJ6Z
Groningen, Nederland	Hachmia(37) is luie man zat en wil nu hard geneukt worden Hallo schatjes¬† ik ben een romantische geile arabi https://t.co/ATUB6UeK7K #seks
Groningen, Nederland	Een leuke vrouw van 48 jaar zoekt een man Hallo ik ben Carmen, ik ben 48 jaar oud en heb een blanke huidskleu https://t.co/EONBwJERcL #seks
Groningen, Nederland	mannenverslindster zoekt sex prooi Hallo lekker ding, Ik ben¬† funky88, Ik ben een heele super geile dame di https://t.co/7ED5DIvuSy #seks
Groningen, Nederland	Viel eerst op vrouwen maar voel nu ook voor mannen Hallo ik ben een jonge vrouw van 30 jaar oud en ik kom uit https://t.co/DpMVfnKqL5 #seks
Groningen, Nederland	Kateline (34) zoekt man om samen naar parenclubs te gaan Hallo Lekker ding,¬† Ik ben Kateline een erg geile https://t.co/PilbgHfTaI #seks
Groningen, Nederland	Zoek iemand voor een stiekeme seksdate Hallo bezoekers die mijn berichtje op deze prachtige website lezen. Wa https://t.co/ekSH1WMoJ1 #seks
Groningen, Nederland	Geil halfbloedje (31) wil met je tongen Hallo Schatje Ik ben een lekkere geile donker getinte meid die stap https://t.co/VVgtYyh5LU #seks
Groningen	RT @zittingszaal14: Hallo juristen. Is dit nieuw? Dat een bedrijf - Jumbo in dit geval - een slachtofferverklaring mag afleggen? #z14 #jumb‚Ä¶
Groningen, Nederland	Waarom kijk jij op deze site? Hallo, Ik ben Marloes, 23 jaartjes jong.. Gekke, energie, kei toffe meid.. https://t.co/O4yXOlBbmR #seks
Groningen	@Daan_bd Hallo Daan, bij klachten over rijgedrag van een chauffeur graag formulier invullen op de website: https://t.co/hnTpO4pLT8 ^LB
Groningen, Nederland	Geile Anouk18 wil meer sex NU!!! ;) Hallo stelletje geile beren van me Ik ben Anouk, een 20 jarige lekkere https://t.co/Pw4mI9bwhY #seks
Groningen	@henkoetazzn @ChipSoft Hallo Henk, nee dat deden we nog niet. We zijn wel al langere tijd in voorbereiding op de overgang naar hix ^TH
Westerbroek, Groningen	@Pizzaman1977 Hallo Pizzaman, dank voor de tip! Wij raden dit alleen niet aan om afbeeldingen te vergroten vanwege kwaliteitsverlies :-)
Groningen, Nederland	49 jarige dame die dol is op sperma in haar gezicht Hallo allemaal, ik ben voor het eerst te zien op deze web https://t.co/lSCIkvYmrE #seks
Groningen, Nederland	verlegen blondine houd van rollenspel Hallo ik ben sweetsexxx Ik ben een erg verlegen meisje en houd niet https://t.co/Udrr39iKNB #seks
Groningen, Nederland	Hallo allemaal. \nDe zeecontainer wil aanstaande vrijdag 24 juni 2016 een koffie ochtend gaan houden vanaf 9.00.... https://t.co/oIzDmQEwxp
Groningen, Nederland	RT @Jocavdh: "Hallo Bibliotheek, tot hoe laat zijn jullie open? Ik wil De Aanslag terugbrengen... - Hallo? Hallo?" https://t.co/XObuJFLdD9
Groningen, Nederland	Vrouw van 38 zoekt een man voor plezier Hallo daar, mijn naam is Taishe, een lekker prettig en gezellig gesto https://t.co/VzzXp9jfXQ #seks
Groningen, Nederland	Heb jij interesse in een rijpe dame uit Brabant? Hallo leuke man, leuk dat je me profiel aan het lezen bent! https://t.co/UJLiQwYfQW #seks
Groningen, Nederland	Zoek een man met zelfvertrouwen en lef voor gratis seks Hallo daar! Mijn naam is Nina en ik ben nog maar 19 j https://t.co/rULZ1FUFZD #seks
Groningen, Nederland	Hete Arabische meid Jamillia wil meer neuken, TRIOOTJE? Hallo lekkere kerels, Ik ben een arabisch meisje van https://t.co/1h0TzcGGmZ #seks
Groningen, Nederland	Geile meid houd van grote piemels Hallo daar! Nou, zoals je ziet ben ik een geile meid die nooit genoeg krijg https://t.co/2q4exsxHXX #seks
Groningen, Nederland	Zoek een jongen van rond de 20 uit Amsterdam Hallo iedereen, mijn naam is Shayna, kom uit de stad Amsterdam e https://t.co/FdHGYRwWOS #seks
Groningen/Hoogkerk 	Hallo allemaal,\n\nGisteren was de wedstrijd Spanje tegen Turkije deze wedstrijd is ge√´indigd in 3-0 \n\nVandaag zijn... https://t.co/qxBTBdUyA2
Groningen, Nederland	Vrijgezel bevalt me wel maar ik mis iets Hallo allemaal, Mijn naam is Xandra, ben 21 jaartjes jong en woon https://t.co/RP6eBec0Hr #seks
Groningen, Nederland	Vrouw van 40 zoekt gratis sex Hallo allemaal, mijn naam is Franca. Ik ben een spontane en lieve vrouw maar mi https://t.co/PeBOvGFW8e #seks
Groningen	@HEMA Hallo! ik heb een vraag over order 103065900
Groningen, Nederland	Alleenstaande vrouw van 40 wil seks Hallo Ik ben NETALLEEN en dat is niet goed voor mijn sex leven Ik snak https://t.co/3QD417i3lo #seks
Groningen, Nederland	Hallo, ik ben beschikbaar voor klusjes in #Groningen üòÄ
Groningen	Hallo @Essent. Misschien een uitleg hierover? https://t.co/B9FYN4Vsa9
Groningen	Hallo, gisteren pakketje bezorgd van Nespresso. Op kaartje staat bij nr 2. \nNr 2 zegt niets te hebben ontvangen. code 2TG6647MR Grt Leo
Groningen	@DHLNL Hallo, gisteren pakketje bezorgd van Nespresso. Op kaart staat bij nr 2. \nNr 2 zegt niets te hebben ontvangen. code 2TG6647MR Grt Leo
Groningen, Nederland	Ben weer helemaal op zoek naar mannelijk aandacht Hallo mannen, Ik zal me even voorstellen, ik ben Emily en https://t.co/5ngs3AepMk #seks
Groningen, Nederland	Alleenstaande vrouw van 43 zoekt man Hallo allemaal, mijn naam is Lucile en ik ben een alleenstaande vrouw me https://t.co/yzGTuog0Av #seks
Groningen, Nederland	Blondine van 26 zoekt gratis seks in Utrecht Hallo daar, ik ben een 26 jaar jonge vrouw uit de stad Utrecht e https://t.co/nSPIjATYNJ #seks
Groningen, Nederland	Ik ben in voor iets nieuws Hallo iedereen die deze website bezoekt. Mijn naam is Edith, een goed uitziende vr https://t.co/UDawif0wSE #seks
Groningen, Nederland	Simone heeft lekkere grote borsten Hallo allemaal, Ik ben Simone en ik kom uit het hoge noorden, uit Groninge https://t.co/tYHOINElPp #seks
Groningen, Nederland	lekker neuken buiten de deur? mij contqacten NU!!! Hallo Lieverd Ik ben een mooie strakke meid van 41 jaar https://t.co/j1OeItsseN #seks
Groningen, Nederland	Hou erg veel van plasseks Hallo, Ik ben Jose, 48 jaar en ik kom uit de provincie Gelderland. Ik ben een erg g https://t.co/XB67arGTug #seks
Groningen, Nederland	Verlegen huismus wil thuis lekker genomen worden Hallo geile beer, Ik ben een verlegen meisje dat graag thui https://t.co/siYCxgkhKO #seks
Groningen, Nederland	mijn seks hobbies zijn:‚Ä¶.. Hallo lekker ding¬† Ik ben Babbsies een baggergeil meisje van net 44 jaar Word https://t.co/DIVAugIlBi #seks
Groningen, Nederland	Saharah (52) zoekt man voor ongeremde seks Hallo mannen¬† ik ben Saharah een vlotte meid die van mannen houd https://t.co/eP4oKTKkYS #seks
Groningen, Nederland	Hallo ik ben Melani, 27 en ik kom uit Weert Hallo iedereen, Mijn naam is Melanie en ik kom uit Weert dat in https://t.co/esnBYBJyuv #seks
Groningen, Nederland	Wil een beetje bijverdienen Hallo, Ik ben Merel en ik ben een alleenstaande moeder uit Alkmaar en die graag e https://t.co/2dSDMP99XJ #seks
Groningen, Nederland	Zoek seks met koppeltjes Hallo alle mannen en vrouwen die de moeite nemen om mijn profiel eens te lezen, Mijn https://t.co/cS7sbOI7DD #seks
Groningen, Nederland	Zoek een man die meer wilt dan alleen sex Hallo, Ik ben Evie ik ben net weer vrijgezel en ik mis het nu alwee https://t.co/dqX9q5WsP9 #seks
Groningen/Hoogkerk 	Hallo allemaal\nDe wedstrijden van gister waren \nBelgi√´- Ierland 3-0\nHongarije- ijsland 1-1 \nPortugal- oostenrijk... https://t.co/I79kXTOKXr
Groningen, Nederland	Mis het lekkere seks met een leuke man Hallo ik ben Ren√©e, heb jij misschein zin om je te laten vertroetelen https://t.co/xp2hij0Tca #seks
Groningen, Nederland	Tienerslet bezorgd jou de nacht van je leven Hallo wil je mijn naam weten? nou mijn naam is dus Suzie ik ben https://t.co/kMHynqwpF2 #seks
Groningen, Nederland	Lieke is bi-sexueel en zoekt sex Hallo ik ben een 21 jarig meisje die bi sexueel is dus sex met jongens/manne https://t.co/JEJisev0Yk #seks
Groningen, Nederland	Wat een lekkere tietjes om op te spuiten!!! Hallo ik ben Nancyliefde (42) en zie er onwijs goed uit al zeg ik https://t.co/ZQYWOChQpw #seks
Groningen, Nederland	Sterretje (24) wil met je neuken Hallo poepie, Ik ben sterretje. en ik ben op zoek naar een leuke kerel voor https://t.co/lT3mm2PGd7 #seks
Groningen, Nederland	Aziatische meid Myaa(25) : schatje vreet mijn kutje ff kaal! Hallo Lieverd¬† ik ben een romantische meid me https://t.co/oIr62erHy2 #seks
Groningen, Nederland	Strakke hoer (42) moet meer geneukt worden Hallo geile beren , Ik ben Paulala een bagger geile amateur hoer https://t.co/OS9TARrL5v #seks
Groningen, Nederland	Hehe eindelijk 18 jaar Hallo dan, ik ben Simone, eindelijk 18 jaar. Mijn best vriendin heeft daarom deze mooi https://t.co/tMZfCIIIs4 #seks
Groningen, Nederland	Vrouw van 38 op zoek naar afleiding Hallo daar lieve mannen die deze website bezoeken. Mijn naam is Quirine, https://t.co/vKIHpLjnmU #seks
Groningen, Nederland	Zoek een gratis sexpartner, iets ouder dan ik Hallo ik ben Yoni, een leuke jonge dame van nog maar 19 jaar ou https://t.co/2UbKe7qZcw #seks
Groningen	@jpasa112 Hallo, Ook ons personeel mag natuurlijk niet roken in de bus. Wij willen deze zaak graag bespreken met deze chf. Zou je meer 1/3
Groningen	@piethoffman  Hallo,  Deze lijn biedt een gegarandeerde aansluiting in Gieten, de rit is erg krap (vanwege werkzaamheden rond St. Assen) 1/3
Groningen, Nederland	Getrouwde huisvrouw wil geneukt worden Hallo geile mannen, ik ben een getrouwd huisvrouwtje dat eens graag ge https://t.co/Le9Ji3ONtd #seks
Groningen/Hoogkerk 	Hallo Allemaal,\n\nDe wedstrijden van gisteren waren \n\nZwitserland tegen Frankrijk 0-0 \nRoemeni√´ tegen Albani√´ 0-1... https://t.co/pambH9XAz3
Groningen, Nederland	Romantisch aangelegde vrouw (42) Hallo iedereen! Ik ben een lieve,leuk uitziende vrouw(42 jaar,174 cm). Ik be https://t.co/4E7MmtDLvA #seks
Groningen, Nederland	Lekkere mollige behaarde kut wil een keiharde sex date Hallo tijger, Mijn naam is Zaleigh Ik zoek een echt n https://t.co/Vd7avyVYXU #seks
Groningen, Nederland	Heel mooi lang en verlegen meisje(34) zoekt leuke sex date Hallo, het valt niet mee om even een profieltje va https://t.co/CGwJxcUton #seks
Groningen, Nederland	Alleenstaande moeder uit Rotterdam zoekt Hallo daar, mijn naam is Elize, ik ben een leuke meid uit Rotterdam https://t.co/WfRyJBL8ED #seks
Groningen	@JVCNederland Hallo! sinds vanavond werkt mn afstandsbediening niet meer goed. Aan de batterijen ligt het niet - snel zappen lukt niet #help
Groningen, Nederland	Hallo ik ben Tessa en zoek een gratis sekspartner Hallo Geile mannen ofterwijl bezoekers van www.onlinehoertj https://t.co/XpY2rFHpq7 #seks
Groningen, Nederland	Inge is sinds net weer vrijgezel Hallooo! Ik ben Inge en ik ben sinds net weer vrijgezel geworden en ik heb n https://t.co/YEQy3osfuP #seks
Groningen, Nederland	@NathanxAcid 'Hallo' lekker zakelijk. Fuuuck men
Groningen, Nederland	Wil jij met mij daten en de remmen los gooien? Hallo allemaal, mijn naam is Miriam, ik ben nog helemaal lekke https://t.co/eQPbzQk8KN #seks
Groningen, Nederland	Een ruim denkende vrouw van 35 jaar uit Limburg Hallo mijn naam is Adora, een vrouw van 35 jaar uit Limburg d https://t.co/ewsDwwu8OA #seks
Groningen, Nederland	mooie vlotte romantische meid van 37 wil geneukt worden Hallo lieverd , Ik ben tot nu toe veel liefde te ko https://t.co/44keyQbMWv #seks
Groningen, Delfzijl	RT @Weerplaza: 21/06/2016 00:34 uur: Hallo #zomer, vaarwel #lente! https://t.co/uz9KAudDTF
Groningen, Nederland	Vrouw van 42 met nog mooie rondingen Hallo daar, mijn naam is Anneke, ik ben 42 jaar oud en ik kom uit Limbur https://t.co/PkFvVvoMgC #seks
Groningen, Nederland	Mijn naam is Tamara, 19 jaar en kom uit Brabant Hallo Allemaal, mijn naam is Tamara en ik kom uit noord-braba https://t.co/2pTXQLnbzE #seks
Groningen, Nederland	Durf jij mij als vrouw aan? Hallo, Ik ben Ireen, ik ben 48 jaar en ik woon in de provincie Zeeland. Omdat het https://t.co/jyItQMYz56 #seks
Groningen, Nederland	Ik zoek een romantische sexpartner in Gelderland Hallo Ik ben CELIA, Ik ben een lekkere jonge meid van net https://t.co/9L8DAIKP2Q #seks
Groningen	Hallo #Groningen, het #UitzendingGemist overzicht op https://t.co/B07XJbNtR1 is bijgewerkt. Luister naar het nieuws uit de Stad!
Groningen	RT @WeConnect: Weg met de camping-wifi! Hallo mifi! https://t.co/A1QaQF9e17
Groningen, Nederland	Italiaanse ouders maar zelf geboren in Amsterdam Hallo hallo! Mijn naam is Gulia maar mijn vrienden noemen mi https://t.co/0Q6K03W7Uc #seks
Groningen, Nederland	38-jarige vrouw houd van sex Hallo, Ik ben Kristy, een getrouwde vrouw en ben op zoek naar wat meer spanning https://t.co/d9fx2aIsSB #seks
Groningen	RT @VileineNL: Hallo @giel3fm: leuk joh, die supersorry video, maar dit gaat dus niet om jou. #dikkevrouwen https://t.co/MjGIYoWGAG https:/‚Ä¶
Groningen, Nederland	Hallo ik ben op zoek naar iemand die voor een klant van ons een paar planken kan op hangen en 2 gordijnen rails.... https://t.co/lfKTjaomHL
Groningen, Nederland	31 jarige vrouw met een onderdanig karakter Hallo allemaal, mijn naam is Jessy en ik ben een vrouw van 31 jaa https://t.co/R0PIf4lgQS #seks
Groningen, Nederland	Bellefleur(22) wil met jou een super geile sexdate Hallo Ik ben Bellefleur, Ik ben twee en twintig jaar Ik w https://t.co/zRXA1gNfRt #seks
Groningen	*EWDPS*\n\nHallo. Het is weer tijd voor je favoriete maaltje van de dag! Ûæå∏ \n\nVandaag in de pot een ovenheerlijke... https://t.co/v95MuKIj73
Groningen, Nederland	Gratis seks gezocht in Drenthe Hallo allemaal, mijn naam is Teuntje, ik ben inmiddels alweer 22 jaar oud en z https://t.co/XjhmU57O4m #seks
Groningen	Weg met de camping-wifi! Hallo mifi! https://t.co/0ou3SVJuyv
Groningen, Nederland	Rechtenstudente zoekt een man in Utrecht Hallo daar lekkerdingetjes, Mijn naam is Baukje, een vrouw uit Utrec https://t.co/GOnCMpBAPn #seks
Groningen/Hoogkerk 	Hallo allemaal gister zijn er 2 wedstrijden gespeeld \nRusland -Wales 0-3 \nSlowakije - engeland 0-0 \nEngeland en... https://t.co/FnTvhRrxTW
Groningen, Nederland	Bamby voor buitensex‚Ä¶ Hallo¬† Ik ben Bamby Ik ben net 22 jaar¬† en ben op zoek naar iemand om samen te gen https://t.co/oxA8qzPepC #seks
Groningen, Nederland	RT @VileineNL: Hallo @giel3fm: leuk joh, die supersorry video, maar dit gaat dus niet om jou. #dikkevrouwen https://t.co/MjGIYoWGAG https:/‚Ä¶
Groningen, Nederland	Jonge verzorgde sportieve dame Hallo allemaal, Kom uit Limburg maar studeer nu in Brabant en woon daar nu https://t.co/L2KaUw9g5f #seks
Groningen, Nederland	Samen stappen met drank en daarna sex Hallo daar boys, ik zoek een goede leuke geile afspraakje met een leuke https://t.co/3yXL8y87Gw #seks
Groningen, Nederland	Vuistneuken? Kontlikken? DP? Snel NU! Saskia (45) daten! Hallo jongens , Ik ben Saskia een lekkere dikke mei https://t.co/xa8Jdsyy5D #seks
Groningen, Nederland	RT @altijd_selina: Hallo bij de 2000 rt's gaat @xjanniedijkstra zich op geven voor "de voice"üò±dus retweet dit maar ffüòèlet op de tekstüòÇ http‚Ä¶
Groningen, Nederland	Dame op leeftijd wil spannende sex Hallo Ik ben Geertruida, Laten¬† we romantisch beginnen en elkaar steed https://t.co/t8obyp3pXc #seks
Groningen, Nederland	Vind het leuk als het maar sex is Hallo allemaal, jongens/mannen/heren, Ik ben Chantal, een leuke aardige amb https://t.co/VOW0OoHUO4 #seks
Groningen, Nederland	Dame van 19 zoekt een jongen uit omgeving Utrecht Hallo allemaal, mijn naam is Imke, ik ben geboren en getoge https://t.co/1a9NAT3pgK #seks
Groningen/Hoogkerk 	Hallo allemaal \n\nDe wedstrijden van gisteren zijn ge√´indigd in\n\nOekra√Øne tegen Polen 0-1(Polen is door naar de... https://t.co/SK3ZKDIXyi
Groningen, Nederland	Donkere vrouw uit de stad Utrecht is voor veel in Hallo, Ik ben een donkere dame uit de stad Utrecht die het https://t.co/WtWvP2mRx5 #seks
Groningen, Nederland	Geile vrouw (68) wil (h)eerlijke sex date met jong en oud Hallo jongens Ik ben een lekkere dikke romantisch https://t.co/IbEpQSWGCq #seks
Groningen The Netherlands	@diana_pater @BiebNoordVeluwe @Veluweland Hallo iedereen, even opletten...\nDe Bibliotheek gaat met z'n tijd mee!
Groningen	Hallo Wereld, wat gebeurt er bij #honpor?
Groningen, Nederland	Ik zoek een jongen die weet wat die wil Hallo Allemaal! ik ben een super lieve en ook een hele spontane meid https://t.co/Dkos8YFs8T #seks
Groningen, Nederland	22 jarige dame uit Amsterdam met goedgevormde billen Hallo jongens! Mijn naam is Nila, ik ben 22 jaar jong en https://t.co/fGiOEZlQbc #seks
Groningen, Nederland	Vrijgezelle dame die geniet van het leven Hallo leuke mannen, ik ben ans, een meid die single is en van het l https://t.co/eQc1iTa8qc #seks
Groningen, Nederland	Koppel zoekt vrouwen en mannen voor sex Hallo wij zijn Sum &amp; Sem wij zoeken leuke vrouwen of mannen om ons he https://t.co/r2oYFwLDwN #seks
Groningen, Nederland	Mooie tienerblond (22) zoekt man voor orale sex Hallo lekker ding, Ik ben het een beetje zat als mannen sne https://t.co/tOUt25mwGp #seks
Groningen, Nederland	Ik stop graag vanalles in mijn gaatjes Hallo geile, dikke palen!! Ik ben een vrouw van 30, die zeer positief https://t.co/wgYpL74FHi #seks
Groningen, Nederland	Zoek iemand voor een geile en spannende date Hallo Jongens! mijn naam is Claire, ik ben een heterosexuele dam https://t.co/g4KOLMTdLI #seks
Groningen	@javandijken Hallo, Bedankt voor de melding. We gaan het doorgeven en excuses voor het ongemak.  ^GS
Groningen	@PostNL gaan jullie er naar kijken?! Hallo?!
Groningen, Nederland	Lonne zoekt een lekkere jongen rond de 19 jaar oud Hallo allemaal, mijn naam is Lonne, een meid van 19 jaartj https://t.co/vBsyE84LHV #seks
Groningen	Hallo @Oostpool , zie ik het nou goed dat jullie met #DeLankmoedigen het #GrandTheater in #Groningen overslaan?
Groningen, Nederland	@PostNL Hallo de code is 3SBSIS010441041. Het pakket zou gisteren al bezorgd moeten zijn, de chauffeur was zelfs onderweg. Dat is toch raar?
Groningen, Nederland	Dame van 22 is wel in voor een potje gratis seks Hallo daar allemaal, alles goed met jou?? Laat ik eens begin https://t.co/UJ4FNPIkFK #seks
Groningen, Nederland	Ondeugende vrouw van 37 jaar zoekt man Hallo mannen. Ik ben Elza en kan jullie vertellen dat ik echt een hele https://t.co/OCYIFfGU3I #seks
Groningen, Nederland	Te jong voor een relatie maar niet te jong voor lekkere sex Hallo leuke en lekkere jonge mannen die zich hebb https://t.co/OWPx8tke3D #seks
Groningen, Nederland	Lekkere jonge Friese meid Hallo, Ik ben Maaike en ben een jonge lekkere meid van 27, al lijk ik jonger haha. https://t.co/wvHxQgr6ot #seks
Groningen, Nederland	Mooie knappe dame zoekt een sportieve en knappe kerel Hallo, Mijn naam is Lindsey, ik ben 19 jaar maar over e https://t.co/WEjvwTuaoX #seks
Groningen, Nederland	Amateurtje uit het noorden van het land Hallo iedereen die deze website bezoekt. Ik ben Ellen, een milf van 3 https://t.co/sHegQ2Fggy #seks
Groningen, Nederland	Een lekkerder toetje kan je je toch bijna niet indenken? Hallo daar! Ik ben Jantien een 25 jarige dame u https://t.co/wti2VkmOIb #seks
Groningen, Nederland	Ben jij die man die ook houd van lekkere ongeremde seks? Hallo allemaal, Mijn naam is Vicky een leuke meid https://t.co/Ddm8FmlWBg #seks
Groningen, Nederland	Ik mis het pikante seksleven en zoek dus gratis seks Hallo Kerels, Mijn naam is Sterre en ik ben geboren i https://t.co/gq620JI3eH #seks
Groningen, Nederland	Ik ben Esmee, getinte meid met Cup-D Hallo mannen, ik ben Esmee een getinte meid die jou net iets meer kan ge https://t.co/UYQSd4xCot #seks
Groningen, Nederland	mulata zoekt wilde seks Hallo mijn naam is Nena Ik ben een bagger geil donker getinte zwartharige s https://t.co/yO7M3vOvyj #seks
Groningen	@HalloRia @DuimspijkerNL wat hebben we een onweer gehad he... üòÇ
Groningen, Nederland	Geil sletje wil kamasutra met jou uitproberen Hallo Ik ben Anoeska, Ik ben net 21 jaar geworden Ik ben nog https://t.co/Bd4zV6h0iV #seks
Groningen, Nederland	Hallo @eevrt. Zou je ons kunnen bellen 050-367 6366 of jouw telefoonnummer via priv√©bericht kunnen sturen? Dat praat wat gemakkelijker ^AB
Groningen, Nederland	Leuke vrouw van Surinaamse afkomst (47 jaar) Hallo ik ben Kinsella, ik ben een leuke vrouw van Surinaamse kom https://t.co/T6yhdbfBqX #seks
Groningen	Hallo Groningen, beluister de uitzendingen van OOG Ochtendshow van afgelopen week op https://t.co/B07XJbvSZt
Groningen, Nederland	Zoek een lekkere jongen om heerlijk mee te seksen Hallo alle geile mannen van Nederland! Mijn naam is Patr https://t.co/7tRqiZs3Jz #seks
Groningen, Nederland	Ik wil je neuken op de parkeerplaats Hallo, ik ben Laila, Ik ben een lekker (net beginnend) hoertje van 25 https://t.co/tn3deKBrIK #seks
Selwerd, Groningen	Hallo ik zag dat een rider iets in zijn handpalm legde wat is hier de voordelen van?
Groningen, Nederland	Laat zien wat ik verdien Hallo, Eerlijk gezegd ben ik vaak best verlegen en het was dus voor mij al een hele https://t.co/0e1OPLCYTy #seks
Groningen	Hallo @thierrymoortgat, dank je wel! Volg jij ons al op  https://t.co/8ZvY2msJCo en een kijkje genomen op https://t.co/fSdPPGGEH9?
Groningen, Nederland	44 jaar, en zoek een open-minded man Hallo, Leuk dat je even blijft stil staan bij mijn berichtje over mezelf https://t.co/3gMsQTOVlF #seks
Groningen, Nederland	Mooi en geil wijf (61) voor ongeremde sex Hallo lekkere kerel, ik ben een zeer geil en onwijs goed uitziende https://t.co/y0uLNj4vvf #seks
Groningen	Hallo #weekend, hallo #vrijheid! Voor meditteraanse sferen hoef je niet op vakantie, wij serveren een... https://t.co/hvzfZEHGIc
Groningen, Nederland	Geile meid van 23 is gek op dubbele penetratie Hallo ik heet Clarine, Ik ben een geile meid van 23 jaar di https://t.co/61KDMIKKmu #seks
Groningen	Hallo vakantie üî•
Groningen	Hallo!\nWij zijn Jarieke, Diane en Saskia en vormen samen de lezingencommissie. Wij organiseren in samenwerking... https://t.co/y8zhAJloaf
Leek (Groningen)	@politienrdnvld Hallo politie Noordenveld. Dochterlief gaat in de eindmusical politie agente spelen. Hebben jullie wellicht kleren te leen?
Groningen, Nederland	42 jarige rijpe vrouw zoekt sexdate Hallo daar allemaal die deze website bezoeken en even de tijd nemen om mi https://t.co/7ohDaeGwkZ #seks
Groningen, Nederland	Lekker strak wijfie van 49 zoekt Hallo, Ik ben Daimy een lekker strak wijfie van 49 Ik ben sexueel totaal https://t.co/AlD3dLCDSq #seks
Groningen, Nederland	Hoer (21) wil gratis geneukt worden Hallo ik ben een jonge dame van 21 jaar, heeft iemand interesse in mij? l https://t.co/VNw8scSfVh #seks
Groningen, Nederland	Kun en wil jij mij eens heerlijk verrassen? Hallo alle hete mannen! Pas op hoor, want hier ben ik! Mijn naam https://t.co/oItqDxUIqL #seks
Groningen, Nederland	Zoek een man boven de 55 die me vol wil spuiten Hallo ik probeer via deze website in contact te komen van een https://t.co/9AF6eKerYl #seks
Groningen, Nederland	Vrouw (22) met een passie voor fotografie zoekt seks Hallo mijn naam is Mariska, ik ben 22 jaar oud en ik kom https://t.co/fgWryQELfB #seks
Groningen, Nederland	Mira (23) zoekt een leuke man en woont in Utrecht Hallo allemaal, Mijn naam is Mira, een 23-jarige vrouw uit https://t.co/97RibyBsoN #seks
Groningen, Nederland	Mooi klein blondje (21) met onwijs geil kontje wil‚Ä¶‚Ä¶. Hallo ik ben 21 jaar en op zoek naar lekkere sex da https://t.co/TuXjW66jox #seks
Groningen/Hoogkerk 	Hallo allemaal \n\nDe uitslagen van woensdag waren \nHongarije -Portugal 3-3 \nIjsland- oostenrijk 2-1 \nBelgi√´-zweden... https://t.co/N09Pf2gusH
Groningen, Nederland	Dame met Italiaanse achtergrond zoekt een leuke man Hallo Boys and Girls, Mijn naam is Lianne, ik ben 28 len https://t.co/HJHvlOd1f6 #seks
Groningen, Nederland	Wij zoeken een leuke jongere man Hallo allemaal, wij zijn E en A een leuk stel uit Groningen dat een zeer spa https://t.co/Z3gs3RoBnZ #seks
Assen Groningen Leeuwarden	Hallo, ik kom een striptease geven voor 190 euro. #tt #Assen #camping
Groningen, Nederland	Bamby voor buitensex‚Ä¶ Hallo¬† Ik ben Bamby Ik ben net 22 jaar¬† en ben op zoek naar iemand om samen te gen https://t.co/oxA8qzPepC #seks
Groningen, Nederland	Lekkere jonge Friese meid Hallo, Ik ben Maaike en ben een jonge lekkere meid van 27, al lijk ik jonger haha. https://t.co/wvHxQgr6ot #seks
Groningen, Nederland	Getrouwde huisvrouw wil geneukt worden Hallo geile mannen, ik ben een getrouwd huisvrouwtje dat eens graag ge https://t.co/Le9Ji3ONtd #seks
Groningen, Nederland	Zoek seks met koppeltjes Hallo alle mannen en vrouwen die de moeite nemen om mijn profiel eens te lezen, Mijn https://t.co/cS7sbOI7DD #seks
Groningen, Nederland	lekker neuken buiten de deur? mij contqacten NU!!! Hallo Lieverd Ik ben een mooie strakke meid van 41 jaar https://t.co/j1OeItsseN #seks
Groningen, Nederland	Hou erg veel van plasseks Hallo, Ik ben Jose, 48 jaar en ik kom uit de provincie Gelderland. Ik ben een erg g https://t.co/XB67arGTug #seks
Groningen, Nederland	Ik vindt respect voor elkaar belangrijk Hallo, Ik ben Evy een 30-jarige dame uit Flevoland. Ik zoek een leuke https://t.co/7ZfIHmNGD1 #seks
Groningen, Nederland	Geil halfbloedje (31) wil met je tongen Hallo Schatje Ik ben een lekkere geile donker getinte meid die stap https://t.co/VVgtYyyHau #seks
Groningen/Hoogkerk 	Hallo allemaal,\n\nDe wedstrijden van gisteren zijn ge√´indigd in \nZwitserland tegen Polen 1-1 (penalty schieten... https://t.co/zX7q2q4SZ1
Groningen	Hallo @KPNwebcare, is er een storing interactieve tv in Groningen? Modem opnieuw gestart evenals ontvanger. Biedt geen oplossing.
Groningen, Nederland	Strakke hoer (42) moet meer geneukt worden Hallo geile beren , Ik ben Paulala een bagger geile amateur hoer https://t.co/OS9TARrL5v #seks
Groningen, Nederland	44 jaar, en zoek een open-minded man Hallo, Leuk dat je even blijft stil staan bij mijn berichtje over mezelf https://t.co/3gMsQTOVlF #seks
Groningen/Hoogkerk 	Hallo allemaal,\n\nDe wedstrijden van gisteren zijn ge√´indigd in \nZwitserland tegen Polen 1-1 (penalty schieten... https://t.co/zJucZzw9P9
Groningen	RT @ZONderhoud: Hallo! Kent u het #solarpowerpakket al? #offgrid #zonderhoud #zonnepanelen https://t.co/1lYP347gcu
Groningen, Nederland	Blondine van 26 zoekt gratis seks in Utrecht Hallo daar, ik ben een 26 jaar jonge vrouw uit de stad Utrecht e https://t.co/nSPIjACnWb #seks
Groningen, Netherlands	@Schiphol Hallo. Vanaf welk moment kun je bagage afgeven bij drop off automaat als je nacht vantevoren in Mercury terminal hotel verblijft?
Groningen, Nederland	Rechtenstudente zoekt een man in Utrecht Hallo daar lekkerdingetjes, Mijn naam is Baukje, een vrouw uit Utrec https://t.co/GOnCMpBAPn #seks
Groningen, Nederland	Ik wacht op je in Groningen Hallo lekkere geile mannen!! Ik ben jong, lekker geil en ik hou van feesten... I https://t.co/ezIMpKgY1A #seks
Haren, Groningen	@DusDavid #KINGDOM Hallo David ik ben job 13 jaar oud volg THE kingdom sinds het begon ik ben Goed in pvp en in bouwen
Groningen, Nederland	Hehe eindelijk 18 jaar Hallo dan, ik ben Simone, eindelijk 18 jaar. Mijn best vriendin heeft daarom deze mooi https://t.co/tMZfCIIIs4 #seks
Groningen, Nederland	Sterretje (24) wil met je neuken Hallo poepie, Ik ben sterretje. en ik ben op zoek naar een leuke kerel voor https://t.co/lT3mm2PGd7 #seks
Groningen, Nederland	22 jarige dame uit Amsterdam met goedgevormde billen Hallo jongens! Mijn naam is Nila, ik ben 22 jaar jong en https://t.co/fGiOEZlQbc #seks
Groningen, Nederland	Getinte vrouw zoekt een romantische man Hallo allemaal, mijn naam is Imma, ik ben een 28 jarige vrouw uit Cap https://t.co/9paqtbX0lF #seks
Groningen, Nederland	Viel eerst op vrouwen maar voel nu ook voor mannen Hallo ik ben een jonge vrouw van 30 jaar oud en ik kom uit https://t.co/DpMVfnKqL5 #seks
Groningen, Nederland	Vind jij het ook lekker om bij kaarsjes hete avonturen te beleven? Hallo iedereen die dit leest, Leuk dat https://t.co/0EOVGzkfKZ #seks
Groningen, Nederland	Heb jij interesse in een rijpe dame uit Brabant? Hallo leuke man, leuk dat je me profiel aan het lezen bent! https://t.co/UJLiQxfQIu #seks
Groningen, Nederland	Kateline (34) zoekt man om samen naar parenclubs te gaan Hallo Lekker ding,¬† Ik ben Kateline een erg geile https://t.co/PilbgHxu2g #seks
Groningen	Hallo mensjes van deze planeetüëΩ
Groningen, Nederland	Ik mis het pikante seksleven en zoek dus gratis seks Hallo Kerels, Mijn naam is Sterre en ik ben geboren i https://t.co/gq620JI3eH #seks
Groningen, Nederland	Zoek een man met zelfvertrouwen en lef voor gratis seks Hallo daar! Mijn naam is Nina en ik ben nog maar 19 j https://t.co/rULZ1FUFZD #seks
Groningen, Nederland	Alleenstaande vrouw van 43 zoekt man Hallo allemaal, mijn naam is Lucile en ik ben een alleenstaande vrouw me https://t.co/yzGTuog0Av #seks
Groningen, Nederland	Samen stappen met drank en daarna sex Hallo daar boys, ik zoek een goede leuke geile afspraakje met een leuke https://t.co/3yXL8y87Gw #seks
Groningen, Nederland	Wil je buiten neuken ? Cynthie (23) daten lol Hallo Ik ben Cynthie, Ik ben op zoek naar een geile maar ook https://t.co/hfiZkVGVRB #seks
Groningen/Hoogkerk 	Hallo allemaal \n\nDe wedstrijden van gisteren waren \nFrankrijk- Ierland 2-1 \nDuitsland - Slowakije 3-0... https://t.co/1zjHu4p4t5
Groningen, Nederland	Hachmia(37) is luie man zat en wil nu hard geneukt worden Hallo schatjes¬† ik ben een romantische geile arabi https://t.co/ATUB6UeK7K #seks
Groningen, Nederland	Gratis seks gezocht in Drenthe Hallo allemaal, mijn naam is Teuntje, ik ben inmiddels alweer 22 jaar oud en z https://t.co/XjhmU57O4m #seks
Groningen, Nederland	@NoRRoD_nl Hallo, hoe krijg ik een schroef die dolgedraaid is uit een Macbook Pro eind 2011? Ik heb meerdere dingen geprobeerd:
Groningen, Nederland	Aziatische meid Myaa(25) : schatje vreet mijn kutje ff kaal! Hallo Lieverd¬† ik ben een romantische meid me https://t.co/oIr62erHy2 #seks
Groningen, Nederland	Mutsy (44) zoekt een sex date voor ongeremde seks Hallo Ik ben een mooie jonge vrouw¬† van 44 jaar en heb een https://t.co/bakEw5Cb40 #seks
Groningen, Nederland	Dame van 22 is wel in voor een potje gratis seks Hallo daar allemaal, alles goed met jou?? Laat ik eens begin https://t.co/UJ4FNPIkFK #seks
Hoogezand-Sappemeer, Groningen	Hallo IJsland! Toppers‚öΩÔ∏èüòÅ. Kleine landjes doen het maar evenüòÇüèÜ‚öΩÔ∏è
Hoogezand-Sappemeer, Groningen	#Brexit Engeland! Hallo IJsland! Toppers‚öΩÔ∏èüòÅ. Kleine landjes doen het maar evenüòÇüèÜ‚öΩÔ∏è
Groningen, Nederland	Jonge verzorgde sportieve dame Hallo allemaal, Kom uit Limburg maar studeer nu in Brabant en woon daar nu https://t.co/L2KaUw9g5f #seks
Groningen, Nederland	Vind het leuk als het maar sex is Hallo allemaal, jongens/mannen/heren, Ik ben Chantal, een leuke aardige amb https://t.co/VOW0OoZwcE #seks
Groningen, Nederland	verlegen blondine houd van rollenspel Hallo ik ben sweetsexxx Ik ben een erg verlegen meisje en houd niet https://t.co/Udrr39iKNB #seks
Groningen	@Bodyl1983 Hallo Bodyl. Dat is uiteraard een typefout. Scherp opgemerkt. We gaan het aanpassen. Dank voor je opmerkzaamheid. ^AW
Groningen, Nederland	Saharah (52) zoekt man voor ongeremde seks Hallo mannen¬† ik ben Saharah een vlotte meid die van mannen houd https://t.co/eP4oKTKkYS #seks
Groningen, Nederland	Hallo ik ben Tessa en zoek een gratis sekspartner Hallo Geile mannen ofterwijl bezoekers van www.onlinehoertj https://t.co/XpY2rFHpq7 #seks
Groningen, Nederland	Wat een lekkere tietjes om op te spuiten!!! Hallo ik ben Nancyliefde (42) en zie er onwijs goed uit al zeg ik https://t.co/ZQYWOChQpw #seks
Groningen/Hoogkerk 	Hallo allemaal,\n\nDe wedstrijden van gisteren zijn ge√´indigd in Itali√´ tegen Spanje 2-0 (Itali√´ is door... https://t.co/DGS25H0Xzh
Groningen	Hallo wieleretiquettemensen, hoe zit dat, is het normaal als een onbekende kilometers in je wiel hangt en taal noch teken geeft?
Groningen, Nederland	Wil jij met mij daten en de remmen los gooien? Hallo allemaal, mijn naam is Miriam, ik ben nog helemaal lekke https://t.co/eQPbzQ2xTf #seks
Groningen, Nederland	@leapp_nl Hallo, weten jullie hoe je een doorgedraaid schroefje uit een macbook pro eind 2011 krijgt? Heb al postelastiek geprobeerd?
Groningen, Nederland	Mannuela (24) uit Groningen zoekt gratis seks Hallo mijn naam is Manuela en ik waag het ook maar eens om op e https://t.co/i2pT6xjI9o #seks
Groningen, Nederland	Meid van 19 wil jou lollie likken Hallo, Ik ben Sandra en ik woon in Limburg, vind je me leuk en wil je eens https://t.co/6gLBNwX8D0 #seks
Groningen, Nederland	Koppel zoekt vrouwen en mannen voor sex Hallo wij zijn Sum &amp; Sem wij zoeken leuke vrouwen of mannen om ons he https://t.co/r2oYFwLDwN #seks
Groningen, Nederland	Mijn naam is Tamara, 19 jaar en kom uit Brabant Hallo Allemaal, mijn naam is Tamara en ik kom uit noord-braba https://t.co/2pTXQLnbzE #seks
Groningen, Nederland	Ik ben in voor iets nieuws Hallo iedereen die deze website bezoekt. Mijn naam is Edith, een goed uitziende vr https://t.co/UDawif0wSE #seks
Groningen, Nederland	Een leuke vrouw van 48 jaar zoekt een man Hallo ik ben Carmen, ik ben 48 jaar oud en heb een blanke huidskleu https://t.co/EONBwJERcL #seks
Groningen, Nederland	Pauliene met de lekkere tieten zoekt man Hallo mooie man, Mijn naam is Pauliene Ik ben een beere geile https://t.co/zvDhOp8Adp #seks
Groningen	Hallo #Groningen, de OOG Ochtendshow zit erop. #UitzendingGemist? Kijk dan op https://t.co/B07XJbvSZt en klik op de woensdag-knop.
Groningen	@JdeJong87 Hallo Jolmer, wij doen normaliter niet aan DM. De hoogte van je schuld kun je checken door in te inloggen op Mijn DUO. ^DW
Groningen	Hallo @DynafixNL, worden mailtjes binnen een dag beantwoord??
Groningen, Nederland	Vrouw van 32 zoekt een leuke man in Amsterdam Hallo Allemaal, mijn naam is Dominique, ik ben 32 jaar oud en i https://t.co/lm4HnVIHJZ #seks
Groningen, Nederland	Ik ben Esmee, getinte meid met Cup-D Hallo mannen, ik ben Esmee een getinte meid die jou net iets meer kan ge https://t.co/UYQSd4xCot #seks
Groningen, Nederland	@degiroeu Hallo, de mobiele webtrader geeft andere bedragen weer dan de desktop versie. Is dit een bekend probleem?
Groningen, Nederland	Geil wijf (43) wil je lul afkluiven Hallo Ik ben Milfey een hele geile menselijke afzuig machine lol Ik ben https://t.co/rKBsrxyxzk #seks
Groningen, Nederland	Ondeugende vrouw van 37 jaar zoekt man Hallo mannen. Ik ben Elza en kan jullie vertellen dat ik echt een hele https://t.co/OCYIFfGU3I #seks
Groningen	@corendon Hallo Maarten ok√© dan weet ik dat , wachten wij gewoon even af.
Groningen, Netherlands	@HalloRaul Doet de Twitch app het wel?
Groningen, Nederland	38-jarige vrouw houd van sex Hallo, Ik ben Kristy, een getrouwde vrouw en ben op zoek naar wat meer spanning https://t.co/d9fx2aIsSB #seks
Groningen, Nederland	Leuke vrouw van Surinaamse afkomst (47 jaar) Hallo ik ben Kinsella, ik ben een leuke vrouw van Surinaamse kom https://t.co/T6yhdbfBqX #seks
Groningen, Nederland	Te jong voor een relatie maar niet te jong voor lekkere sex Hallo leuke en lekkere jonge mannen die zich hebb https://t.co/OWPx8tke3D #seks
Groningen, Nederland	Zoek een man boven de 55 die me vol wil spuiten Hallo ik probeer via deze website in contact te komen van een https://t.co/9AF6eKerYl #seks
Groningen, Nederland	Dame van 46 wilt elkaar verwennen Hallo Daar allemaal, ik zou me eens beginnen om me voor te stellen want dat https://t.co/Mh2c9kJHP9 #seks
Groningen, Nederland	Word jij mijn allereerste? Hallo, ik ben Elly. Ik ben 19 jaar en nu komt het..... Ik ben nog maagd. Ik ben ne https://t.co/MPM1PeKL11 #seks
Groningen, Nederland	Ben weer helemaal op zoek naar mannelijk aandacht Hallo mannen, Ik zal me even voorstellen, ik ben Emily en https://t.co/5ngs3AepMk #seks
Groningen, Nederland	Dame op leeftijd wil spannende sex Hallo Ik ben Geertruida, Laten¬† we romantisch beginnen en elkaar steed https://t.co/t8obypl1lM #seks
Groningen, Nederland	Kun en wil jij mij eens heerlijk verrassen? Hallo alle hete mannen! Pas op hoor, want hier ben ik! Mijn naam https://t.co/oItqDxUIqL #seks
Groningen, Nederland	Wij zoeken een leuke jongere man Hallo allemaal, wij zijn E en A een leuk stel uit Groningen dat een zeer spa https://t.co/Z3gs3RoBnZ #seks
Freistaat Groningen	RT @kdebergh: "Hallo, ik ben gedeputeerde vr bouwvergunningen, sponsors van dit eetfestijn zijn o.a. Matexi, Brummo en ¬≠Immogra" https://t.‚Ä¶
Groningen, Nederland	Hoer (21) wil gratis geneukt worden Hallo ik ben een jonge dame van 21 jaar, heeft iemand interesse in mij? l https://t.co/VNw8scSfVh #seks
Groningen, Nederland	Twee geile mooie vriendinnen willen triootje met jou Hallo Jongens wij zijn twee lekkere geile en ook heel ro https://t.co/ljwAQAuRJF #seks
Groningen, Nederland	Lekkere mollige behaarde kut wil een keiharde sex date Hallo tijger, Mijn naam is Zaleigh Ik zoek een echt n https://t.co/Vd7avyEo6m #seks
Groningen, Nederland	24 jarige studente zoekt lekkere sex in Groningen Hallo ik ben Bethina, een spannende meid van 24 jaar uit de https://t.co/mtLLGuOyaq #seks
Groningen, Nederland	Zoek een man die meer wilt dan alleen sex Hallo, Ik ben Evie ik ben net weer vrijgezel en ik mis het nu alwee https://t.co/dqX9q5WsP9 #seks
Groningen	RT @Roges_Roges: Hallo @KPN Waar moet ik zijn om ervoor te zorgen dat dit kunstwerk van Max Reneman dat ooit het dak sierde van het.. https‚Ä¶
Groningen, Nederland	Tienerslet bezorgd jou de nacht van je leven Hallo wil je mijn naam weten? nou mijn naam is dus Suzie ik ben https://t.co/kMHynqwpF2 #seks
Groningen/Hoogkerk 	Hallo allemaal,\n\nVanavond speelt Polen tegen Portugal om 21:00uur  \n\nGroetjes het team van WK &amp; EK Nieuws ‚öΩ
Groningen, Nederland	Mooie tienerblond (22) zoekt man voor orale sex Hallo lekker ding, Ik ben het een beetje zat als mannen sne https://t.co/tOUt25mwGp #seks
Groningen, Nederland	mijn seks hobbies zijn:‚Ä¶.. Hallo lekker ding¬† Ik ben Babbsies een baggergeil meisje van net 44 jaar Word https://t.co/DIVAugIlBi #seks
Groningen, Nederland	Ik zoek een romantische sexpartner in Gelderland Hallo Ik ben CELIA, Ik ben een lekkere jonge meid van net https://t.co/9L8DAJ2qrq #seks
