Enschede	@geenstijl Hallo @PvdA @meilivos  Op welke stand stond je vibo toen deze foto genomen werd?
Enschede, Overijssel	@010Respi010 Hallo! Sorry voor het ongemak.üíê Er zat een klein foutje in ons pushbericht. Ga naar je account om je a‚Ä¶ https://t.co/YaTcK4LBgJ
Enschede, Overijssel	@aurorablaster Hallo! Ik zal je DM beantwoorden. üòä ^Fulya
Enschede, The Netherlands	Goosebumps 2: Haunted Halloween. Avonturenkomedie voor de hele familie. Nog niet gerecenseerd. Trailer:‚Ä¶ https://t.co/JTcxOchWge
Enschede, The Netherlands	Hell Fest. Horrorfilm over een bezoek aan een Halloween-themapark, dat uit de hand loopt. Nog niet gerecenseerd. Tr‚Ä¶ https://t.co/ZpDPQA85X1
Enschede/Gutersloh	Hallo linkse haters. Het hacken van mijn (en andermans social) is verboden. Daar doe ik dus ook aangifte van. En laat Sunita gerust.
Enschede, Nederland	@HumbertoTan \nHallo Humberto, ik vind het fijn voor jou dat RTL Late Night met die andere is mislukt.\nJij krijgt va‚Ä¶ https://t.co/guLQI8PdXX
Enschede, Overijssel	@MusicianCovers Hallo! Het restaurant gaat nu contact met je hierover opnemen. üòä Mocht dit niet zo zijn, stuur mij‚Ä¶ https://t.co/BM4QW4CGbS
Enschede, Overijssel	@aurorablaster Hallo! Ik zal je DM zo snel mogelijk beantwoorden. üòä ^Fulya
Enschede	RT @zuiverehoning: Hallo @Hengelo We hadden er al twee pleinen die niet zo fraai zijn, probeer eens zoals Enschede... Zelfs een skate baan‚Ä¶
Enschede, Nederland	@twentefans Hallo Twente Supporters ik weet dat jullie je ook inzetten voor de Gemeenschap mag ik jullie aandacht v‚Ä¶ https://t.co/zVDv0eiJIy
Enschede, Nederland	@vakp Hallo fanatieke aanhang mag ik jullie aandacht vragen voor onze situatie zie onze Twitter account. Ik weet da‚Ä¶ https://t.co/REXUHZatU0
Enschede, Nederland	@vakp Hallo beste mensen ik weet niet of het hier thuishoort maar ik vraag toch aandacht voor situatie van onze kid‚Ä¶ https://t.co/ntSldZzKk5
Enschede, Nederland	@twentefans Hallo beste mensen ik vraag aandacht voor situatie van onze kids en hun moeder zie onze Twitter account‚Ä¶ https://t.co/DW1qwtRiNi
Enschede, the Netherlands	RT @groenevingersss: Hallo volgers.  Als ik tuin tweets plaats zouden jullie dan een paar keer willen retweeten ? Zo dat als er tussen jull‚Ä¶
Enschede	RT @groenevingersss: Hallo volgers.  Als ik tuin tweets plaats zouden jullie dan een paar keer willen retweeten ? Zo dat als er tussen jull‚Ä¶
Enschede, The Netherlands	Halloween. Recensie: https://t.co/eOpwE9zeVN "Een vervolg zal ongetwijfeld onvermijdelijk zijn, maar misschien is h‚Ä¶ https://t.co/5ecN8hN64n
Enschede, Overijssel	Hallo kluszaterdag!\nOntvang op zaterdag de hele maand maart 10% korting op onze shop artikelenüòÉ\nWe zijn elke zaterd‚Ä¶ https://t.co/g2U9CW1XjG
Enschede, Nederland	@marcellux @rocgraafschap Hallo @marcellux, ben je werkzaam bij √©√©n van de aangesloten organisaties? (Zie: https://t.co/qnSHWxAPXk)
Enschede, Overijssel	@frankkieeee Hallo! Vervelend om te horen. üôÅ Zou je mij een DM kunnen sturen met je ordernummer? Dan kijk ik dit vo‚Ä¶ https://t.co/W7KH1f9CYg
Enschede, Overijssel	@medicibeats Hallo! Vervelend om te horen dat je je bestelling nog niet hebt ontvangen. Zou je mij een DM willen st‚Ä¶ https://t.co/ogysOcJyzd
Enschede, Overijssel	@robberdierob Hallo! Vervelend om te horen dat je je bestelling nog niet hebt ontvangen. üòî Helaas kunnen de bezorgt‚Ä¶ https://t.co/76BHq1Y3Du
Enschede	@zjosdekker Prominenter worden ze niet! Hallooo, je hebt je eigen Pok√©monkaart!
Dolphia, Enschede	RT @looopings: Walibi Holland komt met kindvriendelijk Halloween-evenement https://t.co/ZgeuJpbDX7 https://t.co/AaAEXQ1ZiZ
Enschede, Overijssel	@StudioSilvana_ Hallo! Zou je mij jouw code kunnen sturen in een DM? Dan kijk ik dit voor je na. üòä\nhttps://t.co/REzKjO2SD1
Enschede, Nederland	@BasToemen Hallooo je was laatst naar IJsland  ofzo
Enschede	@HallohalloRene @LavieJanRoos Leraren gaan ook niet in het weekend actie voeren
Van Emmen tot Enschede	Hallo inwoners van EmmenüòÉ \n\nWij lopen rond op de markt, zien wij jou zo daar?\nKom gezellig een praatje maken met on‚Ä¶ https://t.co/Q9IqSzyOj4
Enschede	RT @guusdemari: "Hallo ik ben Guus en ben loopbaancoach". Kan het saaier? Vast niet. Het kan beter: https://t.co/WD968iRJXs \n#loopbaan #coa‚Ä¶
Enschede, Nederland	RT @Sandra2nd1: Je verzint het niet #D66 #Klimaatdrammer trui gemaakt door #Slavenarbeid\nHallo, #KlimaatSpijbelaars https://t.co/oMN7Poq6QD
Enschede	@MissyFrissie @Ymirko @elizemanis @marijkedentz Hallo noem jij 40 verhoging
Enschede, Nederland	RT @JasperRoos: Hallo @NOS / @RTLnieuws etc., zouden jullie willen ophouden met het delen van details over politieacties via jullie live bl‚Ä¶
Enschede, Nederland	Hallooooo is er een dokter in de zaal bij #Dwdd? Er zit een mevrouw met bril te raaskallen ene Beatrice de Graaf!
Enschede	@ricardoboersma @Espen_vdH is ooit als haar verkleed gegaan tijdens Halloween.
Enschede, Overijssel	Obesi-tas?  Hallo, het is echt wel handig om bewust te zijn van wat je eet en drinkt. Lees nu mijn blog.‚Ä¶ https://t.co/ojTKJ6gbnv
Enschede	@AstridvanHelden @lewinskylou2 Hallo ik predik niet, 't was een inkoppertje lol. Nooit ook maar 1 keer gedacht dat‚Ä¶ https://t.co/JfWuXnlrKc
Enschede	Hallo @twitter!!!\nIk heb #identiteitsfraude gemeld maar ipv dat dat account geschorst wordt, schorsen jullie de ons‚Ä¶ https://t.co/Or61JmEiP0
Enschede	@KarinvanderWilk Hallo Karin, zou je in een DM je volledige adresgegevens willen sturen, zodat wij het een en ander‚Ä¶ https://t.co/uy4g8pZiHu
Enschede, Overijssel	@NietSilas Hallo! Vervelend om te horen. üòî Zou je mij een DM willen sturen met je ordernummer? Dan kijk ik dit voor‚Ä¶ https://t.co/dYNZwhzp57
Enschede, Nederland	Halloooooo 13 zetels #PS2019 https://t.co/Pj9qQ2SFSb
Enschede	@Plimme Hallo Esther.                                                         Ik heet Ester en geen Esther‚ò∫Ô∏è
Enschede, Overijssel	@johncdegreef Hallo John, Welke aankleding bedoel je, het toneelbeeld? @SchouwburgAveen
Enschede, Nederland	Hallooooo Lente! Laten we genieten van wat ons lief is &amp; zorgen voor een toekomst. https://t.co/Ugn7Vrgug0
Enschede, NL	Hallo, meneer van de uil van #Minerva\nWaar breng je ons naar toe?\nNaar Fabetjesland?\nJa, ja, naar Fabeltjesland!
Enschede	@NS_online Hallo. Hoe lang gaat de storing vanuit Eindhoven naar Enschede nog duren? Mijn zoon staat vast en al hee‚Ä¶ https://t.co/gcqDCmpXrl
Enschede	@HeinoJO15_1 @OefenCjeugd Hallo, wij hebben zojuist besloten om niet te spelen. Enkele van onze jongens worden inge‚Ä¶ https://t.co/Z8kyXaHEQE
Enschede, Twente	RT BrandweerGlb: RT HalloTwente: Woning verwoest door brand in #Glanerbrug, Technische Recherche doet onderzoek naa‚Ä¶ https://t.co/onenLqSQFW
Enschede	"Hoe heet je?"\n\n"Jan-Joost"\n\n"Ok, hoe noemen mensen je?"\n\n"Jan-Joost"\n\n"Hallo Jan"
Enschede	@BenSandersBBE Hallo Ben,\n\nDankjewel, gaat vast wel lukken!\nGroet!
Enschede	RT @opfleurtweets: "Hallo, zullen wij vrienden worden?" https://t.co/ZOw5ys0U54
Enschede, Nederland	Hallo @miekezagt goeie tip van u #tipvanMieke, wij gaan ervan genieten dank @HEMA. https://t.co/QkYxIsKl0b
Enschede, Nederland	RT @FeyeNody: Hallo @miekezagt goeie tip van u #tipvanMieke, wij gaan ervan genieten dank @HEMA. https://t.co/QkYxIsKl0b
Enschede	@jurjen8 @afvaldumping074 @gemeentehengelo @BGvanWakeren @Gemeenteraad074 Hallo Jurjen, dat klopt. Alles met een st‚Ä¶ https://t.co/dC42oHbaPn
Enschede, Nederland	@saartastic Hallo. Dat kan ik beter aan jou vragen
Enschede, Nederland	RT @Dennboss: Hallo Twitter! \n\nMijn vriendin heeft een tijd geleden een gouden armbandje van haar moeder gekregen, die weer van haar is gew‚Ä¶
