Enschede 	LENTE ACTIE! RED BULL 2 cans voor â‚¬ 3,50! Zoals altijd bij Red Bull actie OP = OP\n\n#Tamoil #Tankstation #deLaares lâ€¦ https://t.co/ktANjVZSxB
Enschede 	KLENE ACTIE! 2 zakken voor â‚¬2,- \n.\nNeem lekker mee! KLENE \nâ€˜Neerlandsch eenige echteâ€™.\n\n.\n.\n#Tamoil #Tankstationâ€¦ https://t.co/Ng0DLAW7yZ
Enschede 	MAANDAG DIPJE ğŸ˜´ Pak nu een SMINT EXPRESS mee! \n\n.\n.\n#Tamoil #Tankstation #deLaares l #Enschede l #Laaressingel lâ€¦ https://t.co/vLDSAmd0nd
Enschede 	LENTE ACTIE! RED BULL 2 cans voor â‚¬ 3,50! Zoals altijd bij Red Bull actie OP = OP\n\n.\n.\n.\n#Tamoil #Tankstationâ€¦ https://t.co/Bywp6zsYpp
Enschede	@QUlNTENS Meer moist gebruiken
Enschede 	LENTE WEER â˜€ï¸ğŸ¦NEEM EEN IJSJE MEE VOOR JE KINDERENâ˜€ï¸ğŸ¦Kinder Bueno Ice Cream â˜€ï¸\n.\n.\n.\n#Tamoil #Tankstation #deLaaresâ€¦ https://t.co/fkkWfZFB43
Enschede 	LENTE â˜€ï¸ Huur nu een BOEDELBAK om de tuin lente klaar te maken! Komende week 18 gradenğŸŒ¸\n.\n.\n.\n#Tamoil #Tankstationâ€¦ https://t.co/B0u597jZlm
Enschede, Nederland	Op 11 november 2014 werd de â€˜Anneau de la MÃ©moireâ€™ op deze plek ingehuldigd: een monument ter nagedachtenis aan deâ€¦ https://t.co/5ceI5H2wIf
Enschede, Nederland	RT @ntcreizen: Op 11 november 2014 werd de â€˜Anneau de la MÃ©moireâ€™ op deze plek ingehuldigd: een monument ter nagedachtenis aan de soldatenâ€¦
Enschede, Nederland	@Adjuh Moin moin Adjuh sloap ze veur zo.
Enschede 	BIJZONDERE PAASEIEREN VOOR DE KINDEREN!\n.\n.\n#Tamoil #Tankstation #deLaares l #Enschede l #Laaressingel l #Tankshopâ€¦ https://t.co/6vEw65lcTU
